{"type": "FeatureCollection", "features": [{"type": "Feature", "properties": {"name": "Регион Јужне и Источне Србије", "centroid": [21.907995509623518, 43.58919793566146]}, "geometry": {"type": "Polygon", "coordinates": [[[22.429359, 42.806122], [22.45313, 42.763592], [22.466566, 42.748529], [22.481449, 42.739821], [22.482586, 42.736824], [22.482896, 42.733775], [22.482586, 42.730675], [22.481449, 42.727677], [22.468117, 42.718324], [22.442072, 42.681685], [22.449203, 42.667965], [22.444552, 42.64329], [22.441318, 42.632891], [22.428842, 42.592776], [22.425328, 42.572855], [22.429669, 42.571408], [22.481449, 42.535622], [22.512145, 42.519189], [22.524857, 42.507665], [22.532505, 42.493557], [22.532505, 42.493402], [22.536536, 42.47839], [22.533125, 42.45759], [22.519483, 42.420926], [22.508838, 42.404932], [22.497572, 42.399196], [22.485066, 42.397155], [22.46977, 42.391703], [22.454371, 42.376768], [22.438454, 42.340052], [22.423985, 42.325893], [22.405795, 42.321552], [22.364144, 42.320984], [22.345023, 42.313439], [22.325283, 42.314318], [22.30761, 42.31933], [22.29159, 42.328399], [22.276914, 42.341241], [22.27402, 42.348476], [22.273296, 42.365477], [22.268852, 42.370335], [22.259757, 42.369095], [22.233402, 42.348889], [22.095529, 42.305817], [22.060906, 42.301088], [22.045407, 42.302424], [22.027627, 42.303956], [21.994967, 42.312612], [21.941534, 42.333102], [21.929028, 42.335117], [21.918279, 42.331345], [21.88438, 42.309512], [21.877352, 42.30822], [21.837354, 42.308556], [21.8172, 42.305145], [21.719521, 42.260957], [21.706509, 42.255071], [21.69204, 42.242022], [21.67695, 42.234943], [21.676886, 42.234945], [21.65969, 42.235563], [21.624654, 42.242772], [21.575044, 42.242022], [21.564066, 42.246289], [21.553857, 42.273984], [21.514893, 42.317832], [21.51603, 42.341939], [21.537321, 42.35863], [21.596645, 42.372092], [21.617419, 42.386639], [21.621863, 42.402167], [21.616902, 42.433923], [21.618969, 42.449245], [21.627858, 42.460381], [21.667855, 42.490095], [21.717671, 42.551151], [21.727697, 42.574147], [21.726766, 42.577945], [21.719738, 42.586678], [21.718291, 42.591019], [21.720152, 42.593887], [21.726973, 42.596393], [21.728833, 42.598305], [21.730074, 42.601018], [21.735551, 42.621276], [21.734725, 42.624247], [21.744543, 42.629647], [21.756532, 42.633626], [21.767074, 42.638716], [21.772758, 42.647501], [21.764387, 42.669619], [21.74425, 42.679425], [21.738652, 42.68215], [21.708886, 42.687189], [21.687389, 42.686827], [21.644084, 42.672306], [21.629408, 42.672203], [21.612665, 42.680393], [21.580522, 42.710211], [21.565226, 42.720184], [21.542488, 42.725817], [21.441823, 42.736101], [21.4178, 42.73557], [21.405546, 42.7353], [21.388699, 42.739046], [21.378674, 42.744136], [21.379191, 42.747004], [21.383945, 42.749976], [21.387149, 42.754962], [21.39056, 42.770414], [21.404099, 42.803978], [21.408336, 42.820747], [21.408419, 42.841743], [21.40844, 42.846998], [21.398931, 42.854569], [21.378777, 42.855292], [21.346738, 42.860847], [21.336403, 42.865473], [21.316972, 42.877616], [21.306327, 42.882448], [21.294958, 42.884386], [21.2716, 42.884283], [21.260542, 42.886556], [21.23243, 42.910896], [21.226745, 42.942522], [21.225298, 42.973554], [21.209795, 42.995878], [21.193052, 42.997893], [21.17941, 42.990581], [21.165354, 42.985103], [21.147887, 42.992622], [21.139309, 43.005826], [21.124012, 43.058277], [21.10851, 43.081558], [21.092593, 43.090678], [21.025827, 43.093366], [21.005157, 43.099128], [20.993431, 43.104148], [20.912494, 43.138805], [20.912502, 43.138814], [20.915034, 43.141863], [20.920356, 43.149873], [20.926144, 43.154886], [20.930537, 43.16057], [20.932552, 43.16243], [20.935808, 43.164239], [20.943146, 43.166409], [20.944954, 43.167133], [20.947073, 43.168476], [20.954876, 43.175272], [20.955548, 43.176435], [20.955703, 43.17814], [20.95529, 43.17938], [20.953378, 43.182636], [20.952448, 43.18522], [20.951931, 43.188062], [20.950742, 43.199896], [20.948365, 43.208422], [20.9479, 43.213771], [20.948313, 43.219068], [20.949037, 43.2216], [20.951104, 43.224649], [20.960251, 43.231728], [20.965832, 43.237723], [20.966969, 43.239893], [20.967072, 43.241754], [20.965883, 43.245216], [20.96547, 43.247748], [20.966245, 43.249608], [20.968002, 43.251081], [20.971568, 43.252244], [20.979991, 43.253768], [20.984487, 43.254931], [20.987381, 43.255034], [20.988931, 43.254647], [20.996683, 43.251417], [21.00123, 43.249944], [21.00862, 43.248007], [21.011875, 43.248007], [21.01663, 43.248833], [21.024174, 43.251004], [21.031978, 43.254595], [21.033683, 43.254983], [21.03606, 43.254983], [21.037714, 43.254595], [21.043811, 43.251779], [21.049806, 43.249815], [21.051408, 43.249143], [21.0527, 43.248136], [21.05363, 43.246921], [21.056059, 43.242529], [21.057971, 43.241082], [21.059624, 43.240255], [21.066291, 43.237413], [21.068926, 43.236586], [21.072544, 43.235914], [21.080295, 43.235552], [21.084171, 43.235759], [21.087943, 43.236276], [21.095023, 43.238188], [21.101947, 43.240462], [21.10634, 43.24227], [21.112128, 43.245578], [21.116779, 43.247748], [21.122721, 43.250074], [21.130421, 43.252502], [21.131816, 43.253122], [21.13409, 43.254828], [21.136054, 43.257024], [21.138793, 43.261236], [21.140395, 43.262993], [21.142824, 43.264465], [21.147681, 43.266274], [21.149593, 43.267385], [21.15073, 43.268961], [21.15135, 43.270899], [21.151609, 43.272966], [21.15166, 43.278754], [21.151919, 43.280278], [21.152487, 43.281751], [21.153366, 43.283017], [21.15874, 43.288211], [21.160083, 43.290019], [21.161014, 43.292086], [21.163081, 43.298494], [21.164011, 43.300045], [21.165251, 43.301414], [21.168662, 43.303714], [21.178119, 43.308649], [21.184888, 43.313119], [21.191606, 43.31609], [21.19388, 43.317305], [21.195844, 43.318777], [21.197342, 43.320405], [21.198427, 43.322369], [21.199151, 43.324436], [21.200391, 43.329371], [21.200184, 43.331361], [21.197497, 43.336942], [21.197239, 43.339009], [21.197497, 43.340714], [21.198169, 43.342368], [21.199771, 43.344641], [21.201993, 43.346708], [21.204835, 43.348388], [21.208969, 43.350378], [21.211346, 43.351902], [21.212638, 43.353168], [21.212845, 43.353943], [21.221372, 43.355959], [21.235273, 43.358594], [21.24597, 43.359369], [21.25, 43.360299], [21.268656, 43.367379], [21.289016, 43.376474], [21.29284, 43.377921], [21.297646, 43.379316], [21.303227, 43.38035], [21.318162, 43.38097], [21.321831, 43.38128], [21.325241, 43.381848], [21.329065, 43.383037], [21.335267, 43.385673], [21.336972, 43.386293], [21.339659, 43.386654], [21.34245, 43.386577], [21.344413, 43.386293], [21.357384, 43.38345], [21.362448, 43.381952], [21.369993, 43.378748], [21.374024, 43.377663], [21.376246, 43.377559], [21.378933, 43.377921], [21.384566, 43.379265], [21.390767, 43.380143], [21.399139, 43.38066], [21.4041, 43.380763], [21.403789, 43.38159], [21.404306, 43.382882], [21.406477, 43.384122], [21.409371, 43.384665], [21.412575, 43.384794], [21.415882, 43.384561], [21.418311, 43.384045], [21.420533, 43.383244], [21.423116, 43.381797], [21.42508, 43.379962], [21.428646, 43.374226], [21.429731, 43.37296], [21.430765, 43.372159], [21.433969, 43.37079], [21.439963, 43.368774], [21.447198, 43.366785], [21.450195, 43.366371], [21.453347, 43.366191], [21.460065, 43.366346], [21.463424, 43.366656], [21.469419, 43.367818], [21.473914, 43.369291], [21.481614, 43.37141], [21.492466, 43.373477], [21.494895, 43.374123], [21.497117, 43.37495], [21.502698, 43.377792], [21.504817, 43.378645], [21.511587, 43.380712], [21.513189, 43.381538], [21.514842, 43.383089], [21.515927, 43.385027], [21.517478, 43.389135], [21.518563, 43.391124], [21.520113, 43.392856], [21.53081, 43.399083], [21.533136, 43.400271], [21.535616, 43.401227], [21.537735, 43.401692], [21.539957, 43.401847], [21.548587, 43.401279], [21.549879, 43.401434], [21.552566, 43.402312], [21.55484, 43.403811], [21.564141, 43.413474], [21.56564, 43.415567], [21.566519, 43.417686], [21.56688, 43.419934], [21.566777, 43.42443], [21.566157, 43.4266], [21.56533, 43.428202], [21.564141, 43.429701], [21.558302, 43.434868], [21.555718, 43.437659], [21.553238, 43.441018], [21.551481, 43.44386], [21.549362, 43.450371], [21.54838, 43.452438], [21.543626, 43.45833], [21.542592, 43.460293], [21.542592, 43.462154], [21.543368, 43.463911], [21.546933, 43.469285], [21.548173, 43.472024], [21.548277, 43.473988], [21.54559, 43.483703], [21.5459, 43.485563], [21.546985, 43.487268], [21.548587, 43.488819], [21.553858, 43.492694], [21.555201, 43.494038], [21.55887, 43.499051], [21.5644, 43.504322], [21.565485, 43.50582], [21.566312, 43.507448], [21.566984, 43.509644], [21.567242, 43.511892], [21.566984, 43.516414], [21.566312, 43.518533], [21.565433, 43.520135], [21.564193, 43.52153], [21.562539, 43.52277], [21.553548, 43.528093], [21.547605, 43.533725], [21.542489, 43.537033], [21.540319, 43.538738], [21.538872, 43.540702], [21.538303, 43.542717], [21.538355, 43.544733], [21.538768, 43.547523], [21.538613, 43.549487], [21.537993, 43.550934], [21.536908, 43.552226], [21.534634, 43.553673], [21.52895, 43.55605], [21.525229, 43.557962], [21.523472, 43.55915], [21.52218, 43.560546], [21.521198, 43.562148], [21.520372, 43.56437], [21.51939, 43.568297], [21.518201, 43.571088], [21.516599, 43.573775], [21.513964, 43.577082], [21.507504, 43.578426], [21.503473, 43.580131], [21.500528, 43.580906], [21.495929, 43.582766], [21.480994, 43.58628], [21.480787, 43.587211], [21.47872, 43.591706], [21.478204, 43.593877], [21.478824, 43.595634], [21.480219, 43.597184], [21.481924, 43.598424], [21.491019, 43.603515], [21.489831, 43.61385], [21.491639, 43.619276], [21.494482, 43.622764], [21.498461, 43.625244], [21.503473, 43.627518], [21.497892, 43.629069], [21.49443, 43.63111], [21.490141, 43.632893], [21.482389, 43.633719], [21.48704, 43.644726], [21.486575, 43.653615], [21.482544, 43.661289], [21.476188, 43.668472], [21.469987, 43.668472], [21.471847, 43.684621], [21.472467, 43.686016], [21.473553, 43.687256], [21.475103, 43.688161], [21.476963, 43.688806], [21.47872, 43.689117], [21.481408, 43.689091], [21.489004, 43.68736], [21.491794, 43.68736], [21.494688, 43.68798], [21.499753, 43.68984], [21.501871, 43.690822], [21.504455, 43.69232], [21.506626, 43.694026], [21.507762, 43.695266], [21.508589, 43.696558], [21.508899, 43.698522], [21.506522, 43.707927], [21.503628, 43.715265], [21.502595, 43.717332], [21.501251, 43.718934], [21.499391, 43.720277], [21.496497, 43.721466], [21.493551, 43.722112], [21.487299, 43.722913], [21.484198, 43.723533], [21.480322, 43.724928], [21.478307, 43.725858], [21.476602, 43.727047], [21.47531, 43.728416], [21.474328, 43.730018], [21.473501, 43.732576], [21.472416, 43.738157], [21.471537, 43.741051], [21.470142, 43.74379], [21.468385, 43.746374], [21.465905, 43.749423], [21.478307, 43.757071], [21.484611, 43.760482], [21.487299, 43.761619], [21.49319, 43.763479], [21.497117, 43.765029], [21.501251, 43.766941], [21.506626, 43.769964], [21.508693, 43.770791], [21.516858, 43.772781], [21.521043, 43.774383], [21.530242, 43.780635], [21.532929, 43.782082], [21.539854, 43.78477], [21.542386, 43.786087], [21.545073, 43.788206], [21.547347, 43.78955], [21.549207, 43.790144], [21.554375, 43.790816], [21.563883, 43.791591], [21.566932, 43.792108], [21.574994, 43.794588], [21.578042, 43.795079], [21.581195, 43.795286], [21.587499, 43.795002], [21.590548, 43.794433], [21.598558, 43.791798], [21.601555, 43.791229], [21.607911, 43.790919], [21.611115, 43.791126], [21.614164, 43.791617], [21.622381, 43.794381], [21.632768, 43.797172], [21.639382, 43.799807], [21.645997, 43.802934], [21.647444, 43.805595], [21.650183, 43.808463], [21.652095, 43.809859], [21.662017, 43.815827], [21.675297, 43.827868], [21.676279, 43.829315], [21.676899, 43.830865], [21.677261, 43.835568], [21.677881, 43.837428], [21.67907, 43.839082], [21.680775, 43.840632], [21.686408, 43.844275], [21.68832, 43.845903], [21.689508, 43.84766], [21.68956, 43.849417], [21.688372, 43.851484], [21.686253, 43.853499], [21.683721, 43.855515], [21.672817, 43.863214], [21.671473, 43.864455], [21.66982, 43.866832], [21.66889, 43.869416], [21.668476, 43.872103], [21.668838, 43.877477], [21.669665, 43.879958], [21.672817, 43.885487], [21.675091, 43.888122], [21.676693, 43.889234], [21.680362, 43.891068], [21.685013, 43.892825], [21.694831, 43.895771], [21.702634, 43.898664], [21.705477, 43.899465], [21.709404, 43.900344], [21.718086, 43.900602], [21.719998, 43.90099], [21.72253, 43.90223], [21.723977, 43.90316], [21.728834, 43.907863], [21.730281, 43.910033], [21.730695, 43.911429], [21.730488, 43.913366], [21.729816, 43.914736], [21.725062, 43.920136], [21.723977, 43.922229], [21.72408, 43.924554], [21.725269, 43.926415], [21.726044, 43.926776], [21.736741, 43.935096], [21.739325, 43.937241], [21.741443, 43.939515], [21.742994, 43.941866], [21.744027, 43.944243], [21.744751, 43.949049], [21.745319, 43.950496], [21.746301, 43.95184], [21.748368, 43.953519], [21.754259, 43.957162], [21.759272, 43.961296], [21.770796, 43.967446], [21.773173, 43.969099], [21.775033, 43.970908], [21.77617, 43.972846], [21.776687, 43.974267], [21.77679, 43.976308], [21.77648, 43.977781], [21.774775, 43.981295], [21.770382, 43.987238], [21.769917, 43.989357], [21.770692, 43.991062], [21.771157, 43.991475], [21.772449, 43.991837], [21.772914, 44.003568], [21.773793, 44.007908], [21.77462, 44.00982], [21.776377, 44.011939], [21.778702, 44.013619], [21.782888, 44.015944], [21.784231, 44.016952], [21.785368, 44.018657], [21.785988, 44.020673], [21.78635, 44.023411], [21.787125, 44.03186], [21.788314, 44.034677], [21.790071, 44.036124], [21.791828, 44.036744], [21.796634, 44.037674], [21.80113, 44.038992], [21.80392, 44.040284], [21.806349, 44.041834], [21.808468, 44.043617], [21.809966, 44.045529], [21.810586, 44.047518], [21.810741, 44.050438], [21.811155, 44.05266], [21.811827, 44.054314], [21.817769, 44.065553], [21.808984, 44.069274], [21.798494, 44.074571], [21.795497, 44.075114], [21.792396, 44.074829], [21.780924, 44.07116], [21.777979, 44.070489], [21.775136, 44.070334], [21.773121, 44.070489], [21.768315, 44.071496], [21.7617, 44.073744], [21.756326, 44.076276], [21.750332, 44.08147], [21.745112, 44.086508], [21.743045, 44.087955], [21.741237, 44.088679], [21.736327, 44.089686], [21.726199, 44.090849], [21.723305, 44.090746], [21.721083, 44.090307], [21.719016, 44.089609], [21.711574, 44.085733], [21.70558, 44.083459], [21.702686, 44.082813], [21.697725, 44.082271], [21.693643, 44.082633], [21.688113, 44.084493], [21.680207, 44.086302], [21.678243, 44.087077], [21.675918, 44.088472], [21.674006, 44.090151], [21.673075, 44.091418], [21.67075, 44.098807], [21.669561, 44.100487], [21.667959, 44.101985], [21.656694, 44.108419], [21.653697, 44.109711], [21.649149, 44.111158], [21.644085, 44.112398], [21.638917, 44.113122], [21.635765, 44.113173], [21.628427, 44.11245], [21.622277, 44.112295], [21.61928, 44.112657], [21.608066, 44.115189], [21.604036, 44.115602], [21.600057, 44.115499], [21.596233, 44.114879], [21.590755, 44.113018], [21.588068, 44.112502], [21.586827, 44.11245], [21.584089, 44.112863], [21.581298, 44.113664], [21.570911, 44.117152], [21.563056, 44.118134], [21.558302, 44.119194], [21.554633, 44.120899], [21.553134, 44.122191], [21.552101, 44.123664], [21.551067, 44.127074], [21.54807, 44.133534], [21.54652, 44.139373], [21.545745, 44.140665], [21.543884, 44.142371], [21.540732, 44.144179], [21.534428, 44.146608], [21.531947, 44.148158], [21.52926, 44.150484], [21.524764, 44.155031], [21.521147, 44.157357], [21.513654, 44.161594], [21.499856, 44.170586], [21.492983, 44.177355], [21.487815, 44.181696], [21.481769, 44.179888], [21.475516, 44.178957], [21.470039, 44.178544], [21.46761, 44.178647], [21.465284, 44.179009], [21.463321, 44.179629], [21.456189, 44.182885], [21.453606, 44.184538], [21.447353, 44.190042], [21.444872, 44.191566], [21.442805, 44.192548], [21.438774, 44.193995], [21.436811, 44.19446], [21.433969, 44.194667], [21.414021, 44.193272], [21.410042, 44.192729], [21.407562, 44.192135], [21.405236, 44.191256], [21.402446, 44.189758], [21.400069, 44.187897], [21.398725, 44.186554], [21.396348, 44.18304], [21.394798, 44.181386], [21.393661, 44.180818], [21.381362, 44.181024], [21.377641, 44.180921], [21.369425, 44.180043], [21.366221, 44.179991], [21.363172, 44.180353], [21.361208, 44.180921], [21.357487, 44.182523], [21.355937, 44.183582], [21.354335, 44.185934], [21.353973, 44.187691], [21.3548, 44.189344], [21.359813, 44.19415], [21.36157, 44.196476], [21.364619, 44.202858], [21.368236, 44.208516], [21.36865, 44.210532], [21.368339, 44.212547], [21.367409, 44.214201], [21.365962, 44.215622], [21.363689, 44.216914], [21.361622, 44.217379], [21.35325, 44.218232], [21.350356, 44.218826], [21.346739, 44.22035], [21.344465, 44.222004], [21.341106, 44.226706], [21.335835, 44.232701], [21.334543, 44.234768], [21.333975, 44.236835], [21.334026, 44.238954], [21.334698, 44.241873], [21.334801, 44.244018], [21.334388, 44.246111], [21.332889, 44.248979], [21.330564, 44.252131], [21.328445, 44.254198], [21.325861, 44.256007], [21.314854, 44.26195], [21.292685, 44.275696], [21.288241, 44.267066], [21.284985, 44.262208], [21.28359, 44.259702], [21.2808, 44.251718], [21.278836, 44.248824], [21.276149, 44.245827], [21.268242, 44.239496], [21.266899, 44.238747], [21.265245, 44.238359], [21.263436, 44.238385], [21.260542, 44.239005], [21.252894, 44.242106], [21.250517, 44.242829], [21.244781, 44.243837], [21.234911, 44.244664], [21.23181, 44.245155], [21.229537, 44.245775], [21.22747, 44.246602], [21.225661, 44.247687], [21.221578, 44.250684], [21.217548, 44.254793], [21.216152, 44.256885], [21.215274, 44.259056], [21.213517, 44.26536], [21.212328, 44.267066], [21.210985, 44.268073], [21.199203, 44.274197], [21.189642, 44.278512], [21.186904, 44.279416], [21.183855, 44.280062], [21.174191, 44.281018], [21.171091, 44.281483], [21.168352, 44.282259], [21.166388, 44.28324], [21.162254, 44.285979], [21.159567, 44.287323], [21.156104, 44.28815], [21.152332, 44.288563], [21.147371, 44.288563], [21.134039, 44.286599], [21.152332, 44.262983], [21.1683, 44.258126], [21.1683, 44.250684], [21.147216, 44.243863], [21.147216, 44.23699], [21.151764, 44.232029], [21.153417, 44.229419], [21.151867, 44.225621], [21.147216, 44.217146], [21.150162, 44.214821], [21.151298, 44.214201], [21.152332, 44.213219], [21.154657, 44.209705], [21.133573, 44.209705], [21.154657, 44.195442], [21.144167, 44.193013], [21.13931, 44.18552], [21.139154, 44.183324], [21.13285, 44.186115], [21.127631, 44.190068], [21.126029, 44.190998], [21.122566, 44.192548], [21.117295, 44.193944], [21.113781, 44.194409], [21.103601, 44.195184], [21.100449, 44.195701], [21.098072, 44.196321], [21.095953, 44.197199], [21.090837, 44.2003], [21.088615, 44.201282], [21.086289, 44.201798], [21.084946, 44.201798], [21.082155, 44.201333], [21.074301, 44.199215], [21.072182, 44.198801], [21.06903, 44.198698], [21.061278, 44.199525], [21.051511, 44.199938], [21.041331, 44.205106], [21.020247, 44.214821], [21.015389, 44.216061], [21.005674, 44.21725], [21.002574, 44.217818], [20.996269, 44.22004], [20.992342, 44.222004], [20.985727, 44.226706], [20.979474, 44.230065], [20.977459, 44.231874], [20.976012, 44.234096], [20.975237, 44.236318], [20.973945, 44.246757], [20.973893, 44.259004], [20.954566, 44.252131], [20.949864, 44.250684], [20.941906, 44.249341], [20.933947, 44.246912], [20.930227, 44.246292], [20.918651, 44.24531], [20.91493, 44.24469], [20.906921, 44.242261], [20.903975, 44.241899], [20.901029, 44.241899], [20.898911, 44.242132], [20.896844, 44.242623], [20.891366, 44.245181], [20.88842, 44.246318], [20.886147, 44.246886], [20.883821, 44.247222], [20.880927, 44.247351], [20.876897, 44.24717], [20.874106, 44.247377], [20.871936, 44.247842], [20.869972, 44.248617], [20.868215, 44.249702], [20.863357, 44.253216], [20.858035, 44.256472], [20.853642, 44.258332], [20.849508, 44.259676], [20.846356, 44.260141], [20.8431, 44.260244], [20.839793, 44.259986], [20.828476, 44.25841], [20.816332, 44.257635], [20.816022, 44.26381], [20.815557, 44.266601], [20.813645, 44.27275], [20.813851, 44.274714], [20.814782, 44.276445], [20.81628, 44.278021], [20.820879, 44.281587], [20.823153, 44.283964], [20.823722, 44.285333], [20.82367, 44.286703], [20.82305, 44.28784], [20.821965, 44.288873], [20.819536, 44.290268], [20.816384, 44.291535], [20.809304, 44.293627], [20.8061, 44.294248], [20.791269, 44.296573], [20.772045, 44.297762], [20.772045, 44.304996], [20.771735, 44.308226], [20.77065, 44.312489], [20.769203, 44.315202], [20.766774, 44.318949], [20.765844, 44.321636], [20.765534, 44.324452], [20.765792, 44.327243], [20.766722, 44.329853], [20.767601, 44.331222], [20.770598, 44.333935], [20.779021, 44.339774], [20.785016, 44.343185], [20.78698, 44.344761], [20.787651, 44.346027], [20.787858, 44.347371], [20.787393, 44.34918], [20.785894, 44.350962], [20.783466, 44.35228], [20.781295, 44.352926], [20.779021, 44.353314], [20.775973, 44.353365], [20.772924, 44.353004], [20.764862, 44.350859], [20.76202, 44.350575], [20.759901, 44.350704], [20.757937, 44.351143], [20.755354, 44.352384], [20.75246, 44.354554], [20.742228, 44.364166], [20.736853, 44.370212], [20.733753, 44.37432], [20.732358, 44.376465], [20.731479, 44.378532], [20.730962, 44.382046], [20.731479, 44.384061], [20.733029, 44.386283], [20.735303, 44.38835], [20.740212, 44.391864], [20.748946, 44.396954], [20.75122, 44.398686], [20.752925, 44.400623], [20.75401, 44.40313], [20.755147, 44.411398], [20.755767, 44.413982], [20.756749, 44.415997], [20.758351, 44.417548], [20.759953, 44.418323], [20.769513, 44.420751], [20.775869, 44.422793], [20.77959, 44.423387], [20.783517, 44.423568], [20.787496, 44.423387], [20.791424, 44.422819], [20.793491, 44.422276], [20.811836, 44.416049], [20.814678, 44.415429], [20.817262, 44.41548], [20.819071, 44.415894], [20.821758, 44.417082], [20.824187, 44.418736], [20.836486, 44.428865], [20.838088, 44.431138], [20.838811, 44.433257], [20.839069, 44.435428], [20.838914, 44.43765], [20.838346, 44.439872], [20.837571, 44.441525], [20.836486, 44.443024], [20.83106, 44.448502], [20.826874, 44.455039], [20.824652, 44.459199], [20.821086, 44.463953], [20.819019, 44.465813], [20.816539, 44.467467], [20.804446, 44.47403], [20.787703, 44.488112], [20.779073, 44.492013], [20.771373, 44.494416], [20.766051, 44.495424], [20.764139, 44.495992], [20.762123, 44.497491], [20.759126, 44.502219], [20.758609, 44.504261], [20.758506, 44.511676], [20.757937, 44.513485], [20.756542, 44.515681], [20.750186, 44.522554], [20.737112, 44.533044], [20.741143, 44.53568], [20.751064, 44.540537], [20.752925, 44.5417], [20.759384, 44.546997], [20.761968, 44.548754], [20.764759, 44.549891], [20.775611, 44.55294], [20.783621, 44.55617], [20.786049, 44.556867], [20.78853, 44.557384], [20.798245, 44.558676], [20.800571, 44.559244], [20.802689, 44.560045], [20.804911, 44.561466], [20.806358, 44.563198], [20.806668, 44.565032], [20.805686, 44.567823], [20.801707, 44.574799], [20.800364, 44.576814], [20.799175, 44.578106], [20.797728, 44.579295], [20.795196, 44.580845], [20.788323, 44.583222], [20.785636, 44.584462], [20.783311, 44.585961], [20.781502, 44.587589], [20.780675, 44.589242], [20.780778, 44.589992], [20.781915, 44.591594], [20.783672, 44.59317], [20.785223, 44.594875], [20.785688, 44.597046], [20.785274, 44.600069], [20.783776, 44.603583], [20.781399, 44.606657], [20.774216, 44.612161], [20.772459, 44.614202], [20.771477, 44.616347], [20.77096, 44.618672], [20.770857, 44.621049], [20.771425, 44.625183], [20.772872, 44.627664], [20.774991, 44.630041], [20.778195, 44.632883], [20.794776, 44.664677], [20.794792, 44.664676], [20.82647, 44.660929], [20.883211, 44.67266], [20.989561, 44.716791], [21.036836, 44.722009], [21.036845, 44.722011], [21.077876, 44.726506], [21.102836, 44.740692], [21.112292, 44.7448], [21.125728, 44.745575], [21.150946, 44.744102], [21.163814, 44.747823], [21.172289, 44.756866], [21.179472, 44.76808], [21.188825, 44.778234], [21.222467, 44.796683], [21.269492, 44.813685], [21.31905, 44.825053], [21.359841, 44.826644], [21.360587, 44.826412], [21.378571, 44.816645], [21.395934, 44.790239], [21.41216, 44.784813], [21.49722, 44.778043], [21.558405, 44.78166], [21.578042, 44.777681], [21.595612, 44.765951], [21.604293, 44.749983], [21.610288, 44.731948], [21.619693, 44.713913], [21.65628, 44.687661], [21.705166, 44.677067], [21.756842, 44.677274], [21.801697, 44.683889], [21.838284, 44.695206], [21.855441, 44.698461], [21.871977, 44.695981], [21.962411, 44.662288], [21.994347, 44.658567], [22.004269, 44.651539], [22.032174, 44.603325], [22.034243, 44.596168], [22.036174, 44.589489], [22.039822, 44.576867], [22.045197, 44.569219], [22.055739, 44.562139], [22.067107, 44.55723], [22.076306, 44.550718], [22.086951, 44.52178], [22.104314, 44.509636], [22.126639, 44.502659], [22.148239, 44.500902], [22.172114, 44.505347], [22.185136, 44.515113], [22.299031, 44.661668], [22.304922, 44.677377], [22.319702, 44.685336], [22.361146, 44.692054], [22.38068, 44.700528], [22.41551, 44.727814], [22.426052, 44.733653], [22.450547, 44.732981], [22.468943, 44.730191], [22.483723, 44.72399], [22.553279, 44.669161], [22.587489, 44.649369], [22.621182, 44.637432], [22.700144, 44.63061], [22.714716, 44.623065], [22.765153, 44.58281], [22.759262, 44.564671], [22.741692, 44.551855], [22.719367, 44.544362], [22.700144, 44.54183], [22.678543, 44.545551], [22.642163, 44.563121], [22.621182, 44.569219], [22.600305, 44.569787], [22.580461, 44.565498], [22.565578, 44.555421], [22.55979, 44.538781], [22.55669, 44.52147], [22.548422, 44.511703], [22.535503, 44.507517], [22.500363, 44.50638], [22.491061, 44.50421], [22.484136, 44.499766], [22.479795, 44.490412], [22.477212, 44.476976], [22.477005, 44.463954], [22.480002, 44.455789], [22.500983, 44.44194], [22.505427, 44.435015], [22.506357, 44.427522], [22.50398, 44.411709], [22.505117, 44.404061], [22.522687, 44.37507], [22.549352, 44.348974], [22.582838, 44.328406], [22.621182, 44.315901], [22.662523, 44.311663], [22.68154, 44.305307], [22.689498, 44.291716], [22.685364, 44.243657], [22.690739, 44.228878], [22.69164, 44.228435], [22.648777, 44.213995], [22.639992, 44.207329], [22.624799, 44.189397], [22.608573, 44.175858], [22.606196, 44.174566], [22.604852, 44.168468], [22.605989, 44.163145], [22.607953, 44.159993], [22.6094, 44.159941], [22.599065, 44.130331], [22.597101, 44.119065], [22.598134, 44.109298], [22.604646, 44.088163], [22.604749, 44.079378], [22.592967, 44.063926], [22.57519, 44.061394], [22.554623, 44.062428], [22.534159, 44.057157], [22.522583, 44.044703], [22.514935, 44.030285], [22.50367, 44.019898], [22.481449, 44.019433], [22.465885, 44.017624], [22.43432, 44.013955], [22.411789, 44.006927], [22.399594, 43.993336], [22.39732, 43.980934], [22.396803, 43.951944], [22.394529, 43.936337], [22.391945, 43.931867], [22.382024, 43.918561], [22.379026, 43.913496], [22.377063, 43.883524], [22.367554, 43.852751], [22.354738, 43.829703], [22.349467, 43.807921], [22.362593, 43.780843], [22.388535, 43.758286], [22.389568, 43.750509], [22.385848, 43.733817], [22.386054, 43.725498], [22.390498, 43.712449], [22.396906, 43.699401], [22.404865, 43.687179], [22.41396, 43.676663], [22.426465, 43.668214], [22.455921, 43.656406], [22.466256, 43.64912], [22.472871, 43.635942], [22.473801, 43.612998], [22.481449, 43.600647], [22.481759, 43.599975], [22.481966, 43.599459], [22.481759, 43.598942], [22.481449, 43.598529], [22.478142, 43.594911], [22.477108, 43.591294], [22.478142, 43.587573], [22.481449, 43.584137], [22.482689, 43.581734], [22.483103, 43.579279], [22.482689, 43.576695], [22.481449, 43.574111], [22.478658, 43.569176], [22.477625, 43.564164], [22.478452, 43.559229], [22.490647, 43.540883], [22.509354, 43.493341], [22.518863, 43.474247], [22.532609, 43.464842], [22.565785, 43.453344], [22.57271, 43.44815], [22.586766, 43.43443], [22.596274, 43.429159], [22.606919, 43.427402], [22.62852, 43.428255], [22.637822, 43.426369], [22.645367, 43.420297], [22.656529, 43.403192], [22.658926, 43.401295], [22.664694, 43.396732], [22.674202, 43.394148], [22.693219, 43.394872], [22.702934, 43.394045], [22.719367, 43.388671], [22.724343, 43.38606], [22.73301, 43.381513], [22.80453, 43.328984], [22.817139, 43.315497], [22.820756, 43.307539], [22.823857, 43.289297], [22.826958, 43.28139], [22.833159, 43.274647], [22.857343, 43.256947], [22.883802, 43.230592], [22.897754, 43.220335], [22.915531, 43.212247], [22.964727, 43.204418], [22.981367, 43.198992], [22.982902, 43.187318], [22.984571, 43.174627], [22.974029, 43.141192], [22.955632, 43.108274], [22.935271, 43.085562], [22.927107, 43.081144], [22.910157, 43.075279], [22.901682, 43.069749], [22.896721, 43.062721], [22.889486, 43.044376], [22.884215, 43.036651], [22.842254, 43.007505], [22.829025, 42.993656], [22.829025, 42.993501], [22.828921, 42.993449], [22.828818, 42.993449], [22.815796, 42.989703], [22.788097, 42.984897], [22.776418, 42.979729], [22.76939, 42.97128], [22.763189, 42.958645], [22.745516, 42.910069], [22.739579, 42.898858], [22.738798, 42.897383], [22.727015, 42.886892], [22.69663, 42.87741], [22.666244, 42.871932], [22.5909, 42.886892], [22.563615, 42.884283], [22.549972, 42.877358], [22.544785, 42.871706], [22.544494, 42.871389], [22.53757, 42.868341], [22.519793, 42.870356], [22.506047, 42.870123], [22.497055, 42.864413], [22.481449, 42.84674], [22.470907, 42.840125], [22.445482, 42.830178], [22.436801, 42.824286], [22.430446, 42.817077], [22.427395, 42.813615], [22.425845, 42.809843], [22.429359, 42.806122]]]}}, {"type": "Feature", "properties": {"name": "Регион Шумадије и Западне Србије", "centroid": [20.30395436191822, 43.84110694000044]}, "geometry": {"type": "Polygon", "coordinates": [[[21.468385, 43.746374], [21.470142, 43.74379], [21.471537, 43.741051], [21.472416, 43.738157], [21.473501, 43.732576], [21.474328, 43.730018], [21.47531, 43.728416], [21.476602, 43.727047], [21.478307, 43.725858], [21.480322, 43.724928], [21.484198, 43.723533], [21.487299, 43.722913], [21.493551, 43.722112], [21.496497, 43.721466], [21.499391, 43.720277], [21.501251, 43.718934], [21.502595, 43.717332], [21.503628, 43.715265], [21.506522, 43.707927], [21.508899, 43.698522], [21.508589, 43.696558], [21.507762, 43.695266], [21.506626, 43.694026], [21.504455, 43.69232], [21.501871, 43.690822], [21.499753, 43.68984], [21.494688, 43.68798], [21.491794, 43.68736], [21.489004, 43.68736], [21.481408, 43.689091], [21.47872, 43.689117], [21.476963, 43.688806], [21.475103, 43.688161], [21.473553, 43.687256], [21.472467, 43.686016], [21.471847, 43.684621], [21.469987, 43.668472], [21.476188, 43.668472], [21.482544, 43.661289], [21.486575, 43.653615], [21.48704, 43.644726], [21.482389, 43.633719], [21.490141, 43.632893], [21.49443, 43.63111], [21.497892, 43.629069], [21.503473, 43.627518], [21.498461, 43.625244], [21.494482, 43.622764], [21.491639, 43.619276], [21.489831, 43.61385], [21.491019, 43.603515], [21.481924, 43.598424], [21.480219, 43.597184], [21.478824, 43.595634], [21.478204, 43.593877], [21.47872, 43.591706], [21.480787, 43.587211], [21.480994, 43.58628], [21.495929, 43.582766], [21.500528, 43.580906], [21.503473, 43.580131], [21.507504, 43.578426], [21.513964, 43.577082], [21.516599, 43.573775], [21.518201, 43.571088], [21.51939, 43.568297], [21.520372, 43.56437], [21.521198, 43.562148], [21.52218, 43.560546], [21.523472, 43.55915], [21.525229, 43.557962], [21.52895, 43.55605], [21.534634, 43.553673], [21.536908, 43.552226], [21.537993, 43.550934], [21.538613, 43.549487], [21.538768, 43.547523], [21.538355, 43.544733], [21.538303, 43.542717], [21.538872, 43.540702], [21.540319, 43.538738], [21.542489, 43.537033], [21.547605, 43.533725], [21.553548, 43.528093], [21.562539, 43.52277], [21.564193, 43.52153], [21.565433, 43.520135], [21.566312, 43.518533], [21.566984, 43.516414], [21.567242, 43.511892], [21.566984, 43.509644], [21.566312, 43.507448], [21.565485, 43.50582], [21.5644, 43.504322], [21.55887, 43.499051], [21.555201, 43.494038], [21.553858, 43.492694], [21.548587, 43.488819], [21.546985, 43.487268], [21.5459, 43.485563], [21.54559, 43.483703], [21.548277, 43.473988], [21.548173, 43.472024], [21.546933, 43.469285], [21.543368, 43.463911], [21.542592, 43.462154], [21.542592, 43.460293], [21.543626, 43.45833], [21.54838, 43.452438], [21.549362, 43.450371], [21.551481, 43.44386], [21.553238, 43.441018], [21.555718, 43.437659], [21.558302, 43.434868], [21.564141, 43.429701], [21.56533, 43.428202], [21.566157, 43.4266], [21.566777, 43.42443], [21.56688, 43.419934], [21.566519, 43.417686], [21.56564, 43.415567], [21.564141, 43.413474], [21.55484, 43.403811], [21.552566, 43.402312], [21.549879, 43.401434], [21.548587, 43.401279], [21.539957, 43.401847], [21.537735, 43.401692], [21.535616, 43.401227], [21.533136, 43.400271], [21.53081, 43.399083], [21.520113, 43.392856], [21.518563, 43.391124], [21.517478, 43.389135], [21.515927, 43.385027], [21.514842, 43.383089], [21.513189, 43.381538], [21.511587, 43.380712], [21.504817, 43.378645], [21.502698, 43.377792], [21.497117, 43.37495], [21.494895, 43.374123], [21.492466, 43.373477], [21.481614, 43.37141], [21.473914, 43.369291], [21.469419, 43.367818], [21.463424, 43.366656], [21.460065, 43.366346], [21.453347, 43.366191], [21.450195, 43.366371], [21.447198, 43.366785], [21.439963, 43.368774], [21.433969, 43.37079], [21.430765, 43.372159], [21.429731, 43.37296], [21.428646, 43.374226], [21.42508, 43.379962], [21.423116, 43.381797], [21.420533, 43.383244], [21.418311, 43.384045], [21.415882, 43.384561], [21.412575, 43.384794], [21.409371, 43.384665], [21.406477, 43.384122], [21.404306, 43.382882], [21.403789, 43.38159], [21.4041, 43.380763], [21.399139, 43.38066], [21.390767, 43.380143], [21.384566, 43.379265], [21.378933, 43.377921], [21.376246, 43.377559], [21.374024, 43.377663], [21.369993, 43.378748], [21.362448, 43.381952], [21.357384, 43.38345], [21.344413, 43.386293], [21.34245, 43.386577], [21.339659, 43.386654], [21.336972, 43.386293], [21.335267, 43.385673], [21.329065, 43.383037], [21.325241, 43.381848], [21.321831, 43.38128], [21.318162, 43.38097], [21.303227, 43.38035], [21.297646, 43.379316], [21.29284, 43.377921], [21.289016, 43.376474], [21.268656, 43.367379], [21.25, 43.360299], [21.24597, 43.359369], [21.235273, 43.358594], [21.221372, 43.355959], [21.212845, 43.353943], [21.212638, 43.353168], [21.211346, 43.351902], [21.208969, 43.350378], [21.204835, 43.348388], [21.201993, 43.346708], [21.199771, 43.344641], [21.198169, 43.342368], [21.197497, 43.340714], [21.197239, 43.339009], [21.197497, 43.336942], [21.200184, 43.331361], [21.200391, 43.329371], [21.199151, 43.324436], [21.198427, 43.322369], [21.197342, 43.320405], [21.195844, 43.318777], [21.19388, 43.317305], [21.191606, 43.31609], [21.184888, 43.313119], [21.178119, 43.308649], [21.168662, 43.303714], [21.165251, 43.301414], [21.164011, 43.300045], [21.163081, 43.298494], [21.161014, 43.292086], [21.160083, 43.290019], [21.15874, 43.288211], [21.153366, 43.283017], [21.152487, 43.281751], [21.151919, 43.280278], [21.15166, 43.278754], [21.151609, 43.272966], [21.15135, 43.270899], [21.15073, 43.268961], [21.149593, 43.267385], [21.147681, 43.266274], [21.142824, 43.264465], [21.140395, 43.262993], [21.138793, 43.261236], [21.136054, 43.257024], [21.13409, 43.254828], [21.131816, 43.253122], [21.130421, 43.252502], [21.122721, 43.250074], [21.116779, 43.247748], [21.112128, 43.245578], [21.10634, 43.24227], [21.101947, 43.240462], [21.095023, 43.238188], [21.087943, 43.236276], [21.084171, 43.235759], [21.080295, 43.235552], [21.072544, 43.235914], [21.068926, 43.236586], [21.066291, 43.237413], [21.059624, 43.240255], [21.057971, 43.241082], [21.056059, 43.242529], [21.05363, 43.246921], [21.0527, 43.248136], [21.051408, 43.249143], [21.049806, 43.249815], [21.043811, 43.251779], [21.037714, 43.254595], [21.03606, 43.254983], [21.033683, 43.254983], [21.031978, 43.254595], [21.024174, 43.251004], [21.01663, 43.248833], [21.011875, 43.248007], [21.00862, 43.248007], [21.00123, 43.249944], [20.996683, 43.251417], [20.988931, 43.254647], [20.987381, 43.255034], [20.984487, 43.254931], [20.979991, 43.253768], [20.971568, 43.252244], [20.968002, 43.251081], [20.966245, 43.249608], [20.96547, 43.247748], [20.965883, 43.245216], [20.967072, 43.241754], [20.966969, 43.239893], [20.965832, 43.237723], [20.960251, 43.231728], [20.951104, 43.224649], [20.949037, 43.2216], [20.948313, 43.219068], [20.9479, 43.213771], [20.948365, 43.208422], [20.950742, 43.199896], [20.951931, 43.188062], [20.952448, 43.18522], [20.953378, 43.182636], [20.95529, 43.17938], [20.955703, 43.17814], [20.955548, 43.176435], [20.954876, 43.175272], [20.947073, 43.168476], [20.944954, 43.167133], [20.943146, 43.166409], [20.935808, 43.164239], [20.932552, 43.16243], [20.930537, 43.16057], [20.926144, 43.154886], [20.920356, 43.149873], [20.915034, 43.141863], [20.912502, 43.138814], [20.912494, 43.138805], [20.838552, 43.170467], [20.832041, 43.178606], [20.836071, 43.179433], [20.839069, 43.192455], [20.840619, 43.206976], [20.839999, 43.212092], [20.851471, 43.219818], [20.8616, 43.217518], [20.8647, 43.217337], [20.855088, 43.231445], [20.848474, 43.238137], [20.838449, 43.245863], [20.819432, 43.257412], [20.809717, 43.25961], [20.79442, 43.263071], [20.769512, 43.260849], [20.745328, 43.252865], [20.666986, 43.209663], [20.644869, 43.203307], [20.612312, 43.202274], [20.604044, 43.197959], [20.597533, 43.184962], [20.600117, 43.173826], [20.612106, 43.154938], [20.620581, 43.133337], [20.626058, 43.123725], [20.632053, 43.117266], [20.640941, 43.115276], [20.65169, 43.11631], [20.661818, 43.115948], [20.669157, 43.109799], [20.664919, 43.085407], [20.643835, 43.052257], [20.617273, 43.02213], [20.596396, 43.007092], [20.584304, 43.006911], [20.572832, 43.00934], [20.562393, 43.009495], [20.553401, 43.002596], [20.543893, 42.987248], [20.538415, 42.980659], [20.530457, 42.975156], [20.51113, 42.970195], [20.493457, 42.970195], [20.476403, 42.966371], [20.459454, 42.950015], [20.450979, 42.922032], [20.466688, 42.909501], [20.488909, 42.899191], [20.494367, 42.887467], [20.498831, 42.877875], [20.4763, 42.855525], [20.428034, 42.840642], [20.345352, 42.827439], [20.355171, 42.86617], [20.35362, 42.890975], [20.337084, 42.906969], [20.275589, 42.929887], [20.223189, 42.957663], [20.19456, 42.966836], [20.14092, 42.970815], [20.129464, 42.973605], [20.116942, 42.976654], [20.056344, 43.020796], [20.054388, 43.022221], [20.019894, 43.047348], [19.959742, 43.07856], [19.949821, 43.085924], [19.942276, 43.095639], [19.936591, 43.105897], [19.92915, 43.113907], [19.916644, 43.117059], [19.907136, 43.113261], [19.883778, 43.095691], [19.872203, 43.090368], [19.838303, 43.088353], [19.805127, 43.089955], [19.781769, 43.096466], [19.761202, 43.108739], [19.742805, 43.126516], [19.713556, 43.165609], [19.705494, 43.166178], [19.69733, 43.160209], [19.684617, 43.156721], [19.663016, 43.158504], [19.618678, 43.168245], [19.598111, 43.176203], [19.580851, 43.187804], [19.549948, 43.217518], [19.547845, 43.218815], [19.512431, 43.240643], [19.502303, 43.251935], [19.485146, 43.280098], [19.473054, 43.293276], [19.414039, 43.338389], [19.372285, 43.384226], [19.355645, 43.393063], [19.218392, 43.438202], [19.192244, 43.454532], [19.175914, 43.480887], [19.175191, 43.509619], [19.195345, 43.532796], [19.217462, 43.532796], [19.229451, 43.549746], [19.238856, 43.572122], [19.252706, 43.588633], [19.263661, 43.590958], [19.289189, 43.587935], [19.300868, 43.588297], [19.31265, 43.593154], [19.335801, 43.606513], [19.34655, 43.608838], [19.363396, 43.601577], [19.38045, 43.585584], [19.394609, 43.566463], [19.402877, 43.549643], [19.410732, 43.540754], [19.41931, 43.549255], [19.431816, 43.57114], [19.443908, 43.571864], [19.481735, 43.560831], [19.48959, 43.564448], [19.491761, 43.568608], [19.48897, 43.573181], [19.481735, 43.578116], [19.476878, 43.588684], [19.475638, 43.602559], [19.477498, 43.616977], [19.481735, 43.628914], [19.507367, 43.647182], [19.505713, 43.67364], [19.481735, 43.729218], [19.461685, 43.762136], [19.359469, 43.842209], [19.305932, 43.904737], [19.275443, 43.933263], [19.241027, 43.952357], [19.229348, 43.95768], [19.240717, 43.965741], [19.242887, 43.972821], [19.238133, 43.985378], [19.238029, 43.99251], [19.243507, 44.002018], [19.252085, 44.007496], [19.272756, 44.012405], [19.287329, 44.013025], [19.300558, 44.009511], [19.325879, 43.996592], [19.351718, 43.979125], [19.364637, 43.973286], [19.379106, 43.973854], [19.393989, 43.977058], [19.447112, 43.979797], [19.50406, 43.975663], [19.528554, 43.977213], [19.552222, 43.983415], [19.593357, 44.005584], [19.61041, 44.019278], [19.618885, 44.035711], [19.611443, 44.054521], [19.598938, 44.062583], [19.589946, 44.060309], [19.583848, 44.054315], [19.580231, 44.051524], [19.570929, 44.056898], [19.554599, 44.071265], [19.522043, 44.08501], [19.516189, 44.091194], [19.498169, 44.110229], [19.482666, 44.120667], [19.476361, 44.127023], [19.474191, 44.144903], [19.465716, 44.15281], [19.459721, 44.152707], [19.448456, 44.144438], [19.442565, 44.143198], [19.435537, 44.146092], [19.424891, 44.153792], [19.381173, 44.177098], [19.362363, 44.191206], [19.356058, 44.204021], [19.353991, 44.22433], [19.341589, 44.245828], [19.324329, 44.263966], [19.307379, 44.274198], [19.295907, 44.2758], [19.263661, 44.270167], [19.249502, 44.270736], [19.240717, 44.272699], [19.220046, 44.280244], [19.177155, 44.286962], [19.157001, 44.293577], [19.138914, 44.309338], [19.116693, 44.343703], [19.108942, 44.36365], [19.107185, 44.382718], [19.115763, 44.403596], [19.129612, 44.416153], [19.141394, 44.430829], [19.143358, 44.458218], [19.127339, 44.502556], [19.129922, 44.518317], [19.165269, 44.526689], [19.173124, 44.531443], [19.179635, 44.538264], [19.185319, 44.546223], [19.187283, 44.553302], [19.18625, 44.569322], [19.188317, 44.57604], [19.193278, 44.580587], [19.20413, 44.585135], [19.208677, 44.588391], [19.255703, 44.645648], [19.270069, 44.67562], [19.277614, 44.684871], [19.288259, 44.693035], [19.308413, 44.705128], [19.318025, 44.715463], [19.32836, 44.733963], [19.363706, 44.854628], [19.367841, 44.859278], [19.373112, 44.86026], [19.376626, 44.862999], [19.375695, 44.873128], [19.372802, 44.881448], [19.368667, 44.887132], [19.362776, 44.891111], [19.356993, 44.895869], [19.359014, 44.901121], [19.359002, 44.901127], [19.341238, 44.909673], [19.324856, 44.922257], [19.324866, 44.922256], [19.340566, 44.921533], [19.371572, 44.913859], [19.386351, 44.91541], [19.397513, 44.923497], [19.395653, 44.931791], [19.406092, 44.941635], [19.40821, 44.941894], [19.411259, 44.941894], [19.414463, 44.941558], [19.419321, 44.940292], [19.422111, 44.939155], [19.433584, 44.933212], [19.438958, 44.92975], [19.442937, 44.926339], [19.444429, 44.924487], [19.444436, 44.924479], [19.447485, 44.918174], [19.451464, 44.911896], [19.454405, 44.905625], [19.454409, 44.905617], [19.456269, 44.903602], [19.458802, 44.901948], [19.460869, 44.901069], [19.464951, 44.899829], [19.466915, 44.899571], [19.469085, 44.899674], [19.471256, 44.900191], [19.473943, 44.901379], [19.477922, 44.90417], [19.482573, 44.908666], [19.486552, 44.911741], [19.489187, 44.913368], [19.493425, 44.91528], [19.496319, 44.91634], [19.499161, 44.916934], [19.500556, 44.916934], [19.503553, 44.916366], [19.506034, 44.915332], [19.508411, 44.913988], [19.517609, 44.907787], [19.520348, 44.906211], [19.526498, 44.903989], [19.531665, 44.902878], [19.541432, 44.901896], [19.548977, 44.900759], [19.552078, 44.900501], [19.55523, 44.900553], [19.558279, 44.900888], [19.562361, 44.901948], [19.572076, 44.905152], [19.589543, 44.911456], [19.596571, 44.913472], [19.600343, 44.913988], [19.604271, 44.914247], [19.612384, 44.91435], [19.633365, 44.913937], [19.641374, 44.913213], [19.644682, 44.912722], [19.673466, 44.934478], [19.683077, 44.931869], [19.700234, 44.929698], [19.722093, 44.921016], [19.748965, 44.918433], [19.756864, 44.915413], [19.756871, 44.91541], [19.75868, 44.904945], [19.753254, 44.892103], [19.710001, 44.830221], [19.700647, 44.807587], [19.705039, 44.788778], [19.70504, 44.788776], [19.711337, 44.780054], [19.711344, 44.780043], [19.715427, 44.771956], [19.720327, 44.764503], [19.720336, 44.764489], [19.728966, 44.757771], [19.745296, 44.752241], [19.79661, 44.751569], [19.846272, 44.733483], [19.872782, 44.719737], [19.88968, 44.706869], [19.913968, 44.695449], [19.982646, 44.695914], [20.010112, 44.688867], [20.010137, 44.68886], [19.989622, 44.678602], [19.930814, 44.659275], [19.920741, 44.64791], [19.920737, 44.647907], [19.940426, 44.631783], [19.973382, 44.641185], [19.967288, 44.60981], [19.96858, 44.605366], [19.96858, 44.603996], [19.968115, 44.602652], [19.961965, 44.595831], [19.96119, 44.593712], [19.961242, 44.592782], [19.961759, 44.59149], [19.963361, 44.589372], [19.968322, 44.584617], [19.969252, 44.58317], [19.970182, 44.580923], [19.971009, 44.575832], [19.97106, 44.564774], [19.971112, 44.560898], [19.971112, 44.560278], [19.970957, 44.559994], [19.970802, 44.559761], [19.970234, 44.559296], [19.967753, 44.557539], [19.967443, 44.554723], [19.966151, 44.549012], [19.966203, 44.546635], [19.967391, 44.543483], [19.969562, 44.539814], [19.972301, 44.536403], [19.974109, 44.534698], [19.976125, 44.533148], [19.981654, 44.529711], [19.983669, 44.527903], [19.985995, 44.525241], [19.988165, 44.523433], [19.989974, 44.522347], [19.993901, 44.520642], [19.995917, 44.520022], [19.999741, 44.519298], [20.007802, 44.518472], [20.01173, 44.517903], [20.014107, 44.517309], [20.016277, 44.516534], [20.021962, 44.513717], [20.02408, 44.512891], [20.035088, 44.510048], [20.040669, 44.507878], [20.043407, 44.507232], [20.044699, 44.507154], [20.04749, 44.507516], [20.053071, 44.50886], [20.056895, 44.510203], [20.059272, 44.511805], [20.060616, 44.512994], [20.065008, 44.519092], [20.067075, 44.520978], [20.070279, 44.523097], [20.074052, 44.524724], [20.077772, 44.525551], [20.081803, 44.525913], [20.089865, 44.526275], [20.095136, 44.525965], [20.099373, 44.524828], [20.10144, 44.524001], [20.103972, 44.522399], [20.105833, 44.520435], [20.108881, 44.514234], [20.109812, 44.512839], [20.115496, 44.507051], [20.121542, 44.49899], [20.123299, 44.497103], [20.125366, 44.495708], [20.127795, 44.495166], [20.130224, 44.495579], [20.144435, 44.501677], [20.148001, 44.503485], [20.151566, 44.505785], [20.153995, 44.508705], [20.156269, 44.512839], [20.158336, 44.515629], [20.161075, 44.518601], [20.165467, 44.522399], [20.167948, 44.525319], [20.169446, 44.528083], [20.170376, 44.534905], [20.17265, 44.538445], [20.175286, 44.541261], [20.176578, 44.542269], [20.178955, 44.543121], [20.180712, 44.543225], [20.182417, 44.542915], [20.184742, 44.541778], [20.186086, 44.540744], [20.187275, 44.539556], [20.189393, 44.5363], [20.189962, 44.534905], [20.190324, 44.532838], [20.19022, 44.527928], [20.191719, 44.521572], [20.192494, 44.519557], [20.194199, 44.517206], [20.198385, 44.512658], [20.199832, 44.510307], [20.200142, 44.508343], [20.199935, 44.506948], [20.19637, 44.495837], [20.196835, 44.493615], [20.197765, 44.49222], [20.199109, 44.490928], [20.200866, 44.489739], [20.207997, 44.486303], [20.211304, 44.484158], [20.21425, 44.481859], [20.217557, 44.478732], [20.221381, 44.468397], [20.223706, 44.458837], [20.226342, 44.451499], [20.226445, 44.449432], [20.226135, 44.447985], [20.22536, 44.445944], [20.221174, 44.438244], [20.220244, 44.434187], [20.220503, 44.431914], [20.221536, 44.430002], [20.224947, 44.425609], [20.22598, 44.423335], [20.226807, 44.418271], [20.226807, 44.412897], [20.226497, 44.410261], [20.225774, 44.407729], [20.221691, 44.399719], [20.219314, 44.393208], [20.216679, 44.388247], [20.215335, 44.386283], [20.213475, 44.384423], [20.211097, 44.382769], [20.203708, 44.37879], [20.200607, 44.376568], [20.199677, 44.375328], [20.199264, 44.373984], [20.200039, 44.369075], [20.199212, 44.36737], [20.197352, 44.365871], [20.194148, 44.363804], [20.192236, 44.362099], [20.19146, 44.360755], [20.191047, 44.359282], [20.190995, 44.357215], [20.19146, 44.355122], [20.192287, 44.353572], [20.193527, 44.352125], [20.198798, 44.347991], [20.200555, 44.346337], [20.201899, 44.34458], [20.202623, 44.342565], [20.202674, 44.340446], [20.202054, 44.338431], [20.200504, 44.33626], [20.193631, 44.330163], [20.19146, 44.328044], [20.18991, 44.326132], [20.188101, 44.323341], [20.187016, 44.319931], [20.18712, 44.31789], [20.187998, 44.315797], [20.192287, 44.308149], [20.199005, 44.3005], [20.205723, 44.291922], [20.210271, 44.286703], [20.212906, 44.284352], [20.216317, 44.281949], [20.220399, 44.279882], [20.226704, 44.276212], [20.240708, 44.266652], [20.246341, 44.263268], [20.248821, 44.261459], [20.251302, 44.258436], [20.256779, 44.249289], [20.259208, 44.246654], [20.261637, 44.244793], [20.264531, 44.243372], [20.269233, 44.241951], [20.27528, 44.240917], [20.279104, 44.240452], [20.280912, 44.240607], [20.282411, 44.241124], [20.28391, 44.242494], [20.284685, 44.24438], [20.284943, 44.246421], [20.284426, 44.251408], [20.28484, 44.253268], [20.286183, 44.254922], [20.28825, 44.256162], [20.290111, 44.256627], [20.292126, 44.25673], [20.293986, 44.25642], [20.297914, 44.255077], [20.305252, 44.251304], [20.307319, 44.250736], [20.309438, 44.250478], [20.313262, 44.250994], [20.318016, 44.252338], [20.324165, 44.254973], [20.326749, 44.256575], [20.328816, 44.258487], [20.331607, 44.261846], [20.333054, 44.26319], [20.34158, 44.268668], [20.343079, 44.269856], [20.344164, 44.2712], [20.344939, 44.272698], [20.346541, 44.277556], [20.34928, 44.282414], [20.350624, 44.284429], [20.352949, 44.287013], [20.356102, 44.289442], [20.358065, 44.290217], [20.360236, 44.290708], [20.363181, 44.290837], [20.370933, 44.290268], [20.374395, 44.290372], [20.377909, 44.290785], [20.384369, 44.292542], [20.389071, 44.294299], [20.389484, 44.295539], [20.392378, 44.299777], [20.397443, 44.304479], [20.399045, 44.306236], [20.40013, 44.308097], [20.400647, 44.310164], [20.400647, 44.312696], [20.400078, 44.320086], [20.40013, 44.323729], [20.400337, 44.324737], [20.401525, 44.326881], [20.404057, 44.329284], [20.408915, 44.333108], [20.41155, 44.335847], [20.418217, 44.343754], [20.41956, 44.345045], [20.423178, 44.347888], [20.431187, 44.353107], [20.432531, 44.354554], [20.433254, 44.356104], [20.433254, 44.356983], [20.432789, 44.358223], [20.431239, 44.360264], [20.42695, 44.363752], [20.422041, 44.368197], [20.419508, 44.369592], [20.415529, 44.371194], [20.412739, 44.372589], [20.405401, 44.378118], [20.399561, 44.382149], [20.398476, 44.383441], [20.396978, 44.38618], [20.396512, 44.388428], [20.396719, 44.389332], [20.397339, 44.390624], [20.39889, 44.392536], [20.402972, 44.396877], [20.407416, 44.401114], [20.409535, 44.402561], [20.411395, 44.403233], [20.413514, 44.403776], [20.419612, 44.404938], [20.421937, 44.40561], [20.424211, 44.406515], [20.427002, 44.40822], [20.433306, 44.412845], [20.442194, 44.418891], [20.448396, 44.418323], [20.45129, 44.417858], [20.453873, 44.417134], [20.45625, 44.416204], [20.466482, 44.409408], [20.469273, 44.407781], [20.477231, 44.40375], [20.483846, 44.398892], [20.485654, 44.398272], [20.487721, 44.398014], [20.49785, 44.398479], [20.501106, 44.398376], [20.505963, 44.397807], [20.509374, 44.396825], [20.521569, 44.391348], [20.537899, 44.385663], [20.536452, 44.382924], [20.532938, 44.375069], [20.532111, 44.372021], [20.531646, 44.365923], [20.531905, 44.363029], [20.532732, 44.360342], [20.53361, 44.358791], [20.534902, 44.3575], [20.536607, 44.356518], [20.538519, 44.355846], [20.54038, 44.355484], [20.543067, 44.355587], [20.546219, 44.356414], [20.55273, 44.35874], [20.565029, 44.361117], [20.573039, 44.363907], [20.588904, 44.368145], [20.595518, 44.370548], [20.600273, 44.372537], [20.603632, 44.373416], [20.606526, 44.373674], [20.609368, 44.373416], [20.61128, 44.373002], [20.614949, 44.371659], [20.616499, 44.370729], [20.618101, 44.369023], [20.619083, 44.366956], [20.619703, 44.364269], [20.620478, 44.355742], [20.622132, 44.347784], [20.621873, 44.342823], [20.622183, 44.341273], [20.622959, 44.339774], [20.624716, 44.338017], [20.627196, 44.3367], [20.634121, 44.334762], [20.635981, 44.33378], [20.640994, 44.32993], [20.649779, 44.321843], [20.664041, 44.327889], [20.677581, 44.332902], [20.684609, 44.33471], [20.687554, 44.334917], [20.6905, 44.334659], [20.694479, 44.333625], [20.698458, 44.332126], [20.70714, 44.326752], [20.710188, 44.325408], [20.712514, 44.324737], [20.718198, 44.323806], [20.728172, 44.323135], [20.731376, 44.322695], [20.736078, 44.321378], [20.738869, 44.320034], [20.742848, 44.31714], [20.747085, 44.312386], [20.748584, 44.310939], [20.750393, 44.309647], [20.757421, 44.305358], [20.772045, 44.297762], [20.791269, 44.296573], [20.8061, 44.294248], [20.809304, 44.293627], [20.816384, 44.291535], [20.819536, 44.290268], [20.821965, 44.288873], [20.82305, 44.28784], [20.82367, 44.286703], [20.823722, 44.285333], [20.823153, 44.283964], [20.820879, 44.281587], [20.81628, 44.278021], [20.814782, 44.276445], [20.813851, 44.274714], [20.813645, 44.27275], [20.815557, 44.266601], [20.816022, 44.26381], [20.816332, 44.257635], [20.828476, 44.25841], [20.839793, 44.259986], [20.8431, 44.260244], [20.846356, 44.260141], [20.849508, 44.259676], [20.853642, 44.258332], [20.858035, 44.256472], [20.863357, 44.253216], [20.868215, 44.249702], [20.869972, 44.248617], [20.871936, 44.247842], [20.874106, 44.247377], [20.876897, 44.24717], [20.880927, 44.247351], [20.883821, 44.247222], [20.886147, 44.246886], [20.88842, 44.246318], [20.891366, 44.245181], [20.896844, 44.242623], [20.898911, 44.242132], [20.901029, 44.241899], [20.903975, 44.241899], [20.906921, 44.242261], [20.91493, 44.24469], [20.918651, 44.24531], [20.930227, 44.246292], [20.933947, 44.246912], [20.941906, 44.249341], [20.949864, 44.250684], [20.954566, 44.252131], [20.973893, 44.259004], [20.973945, 44.246757], [20.975237, 44.236318], [20.976012, 44.234096], [20.977459, 44.231874], [20.979474, 44.230065], [20.985727, 44.226706], [20.992342, 44.222004], [20.996269, 44.22004], [21.002574, 44.217818], [21.005674, 44.21725], [21.015389, 44.216061], [21.020247, 44.214821], [21.041331, 44.205106], [21.051511, 44.199938], [21.061278, 44.199525], [21.06903, 44.198698], [21.072182, 44.198801], [21.074301, 44.199215], [21.082155, 44.201333], [21.084946, 44.201798], [21.086289, 44.201798], [21.088615, 44.201282], [21.090837, 44.2003], [21.095953, 44.197199], [21.098072, 44.196321], [21.100449, 44.195701], [21.103601, 44.195184], [21.113781, 44.194409], [21.117295, 44.193944], [21.122566, 44.192548], [21.126029, 44.190998], [21.127631, 44.190068], [21.13285, 44.186115], [21.139154, 44.183324], [21.13931, 44.18552], [21.144167, 44.193013], [21.154657, 44.195442], [21.133573, 44.209705], [21.154657, 44.209705], [21.152332, 44.213219], [21.151298, 44.214201], [21.150162, 44.214821], [21.147216, 44.217146], [21.151867, 44.225621], [21.153417, 44.229419], [21.151764, 44.232029], [21.147216, 44.23699], [21.147216, 44.243863], [21.1683, 44.250684], [21.1683, 44.258126], [21.152332, 44.262983], [21.134039, 44.286599], [21.147371, 44.288563], [21.152332, 44.288563], [21.156104, 44.28815], [21.159567, 44.287323], [21.162254, 44.285979], [21.166388, 44.28324], [21.168352, 44.282259], [21.171091, 44.281483], [21.174191, 44.281018], [21.183855, 44.280062], [21.186904, 44.279416], [21.189642, 44.278512], [21.199203, 44.274197], [21.210985, 44.268073], [21.212328, 44.267066], [21.213517, 44.26536], [21.215274, 44.259056], [21.216152, 44.256885], [21.217548, 44.254793], [21.221578, 44.250684], [21.225661, 44.247687], [21.22747, 44.246602], [21.229537, 44.245775], [21.23181, 44.245155], [21.234911, 44.244664], [21.244781, 44.243837], [21.250517, 44.242829], [21.252894, 44.242106], [21.260542, 44.239005], [21.263436, 44.238385], [21.265245, 44.238359], [21.266899, 44.238747], [21.268242, 44.239496], [21.276149, 44.245827], [21.278836, 44.248824], [21.2808, 44.251718], [21.28359, 44.259702], [21.284985, 44.262208], [21.288241, 44.267066], [21.292685, 44.275696], [21.314854, 44.26195], [21.325861, 44.256007], [21.328445, 44.254198], [21.330564, 44.252131], [21.332889, 44.248979], [21.334388, 44.246111], [21.334801, 44.244018], [21.334698, 44.241873], [21.334026, 44.238954], [21.333975, 44.236835], [21.334543, 44.234768], [21.335835, 44.232701], [21.341106, 44.226706], [21.344465, 44.222004], [21.346739, 44.22035], [21.350356, 44.218826], [21.35325, 44.218232], [21.361622, 44.217379], [21.363689, 44.216914], [21.365962, 44.215622], [21.367409, 44.214201], [21.368339, 44.212547], [21.36865, 44.210532], [21.368236, 44.208516], [21.364619, 44.202858], [21.36157, 44.196476], [21.359813, 44.19415], [21.3548, 44.189344], [21.353973, 44.187691], [21.354335, 44.185934], [21.355937, 44.183582], [21.357487, 44.182523], [21.361208, 44.180921], [21.363172, 44.180353], [21.366221, 44.179991], [21.369425, 44.180043], [21.377641, 44.180921], [21.381362, 44.181024], [21.393661, 44.180818], [21.394798, 44.181386], [21.396348, 44.18304], [21.398725, 44.186554], [21.400069, 44.187897], [21.402446, 44.189758], [21.405236, 44.191256], [21.407562, 44.192135], [21.410042, 44.192729], [21.414021, 44.193272], [21.433969, 44.194667], [21.436811, 44.19446], [21.438774, 44.193995], [21.442805, 44.192548], [21.444872, 44.191566], [21.447353, 44.190042], [21.453606, 44.184538], [21.456189, 44.182885], [21.463321, 44.179629], [21.465284, 44.179009], [21.46761, 44.178647], [21.470039, 44.178544], [21.475516, 44.178957], [21.481769, 44.179888], [21.487815, 44.181696], [21.492983, 44.177355], [21.499856, 44.170586], [21.513654, 44.161594], [21.521147, 44.157357], [21.524764, 44.155031], [21.52926, 44.150484], [21.531947, 44.148158], [21.534428, 44.146608], [21.540732, 44.144179], [21.543884, 44.142371], [21.545745, 44.140665], [21.54652, 44.139373], [21.54807, 44.133534], [21.551067, 44.127074], [21.552101, 44.123664], [21.553134, 44.122191], [21.554633, 44.120899], [21.558302, 44.119194], [21.563056, 44.118134], [21.570911, 44.117152], [21.581298, 44.113664], [21.584089, 44.112863], [21.586827, 44.11245], [21.588068, 44.112502], [21.590755, 44.113018], [21.596233, 44.114879], [21.600057, 44.115499], [21.604036, 44.115602], [21.608066, 44.115189], [21.61928, 44.112657], [21.622277, 44.112295], [21.628427, 44.11245], [21.635765, 44.113173], [21.638917, 44.113122], [21.644085, 44.112398], [21.649149, 44.111158], [21.653697, 44.109711], [21.656694, 44.108419], [21.667959, 44.101985], [21.669561, 44.100487], [21.67075, 44.098807], [21.673075, 44.091418], [21.674006, 44.090151], [21.675918, 44.088472], [21.678243, 44.087077], [21.680207, 44.086302], [21.688113, 44.084493], [21.693643, 44.082633], [21.697725, 44.082271], [21.702686, 44.082813], [21.70558, 44.083459], [21.711574, 44.085733], [21.719016, 44.089609], [21.721083, 44.090307], [21.723305, 44.090746], [21.726199, 44.090849], [21.736327, 44.089686], [21.741237, 44.088679], [21.743045, 44.087955], [21.745112, 44.086508], [21.750332, 44.08147], [21.756326, 44.076276], [21.7617, 44.073744], [21.768315, 44.071496], [21.773121, 44.070489], [21.775136, 44.070334], [21.777979, 44.070489], [21.780924, 44.07116], [21.792396, 44.074829], [21.795497, 44.075114], [21.798494, 44.074571], [21.808984, 44.069274], [21.817769, 44.065553], [21.811827, 44.054314], [21.811155, 44.05266], [21.810741, 44.050438], [21.810586, 44.047518], [21.809966, 44.045529], [21.808468, 44.043617], [21.806349, 44.041834], [21.80392, 44.040284], [21.80113, 44.038992], [21.796634, 44.037674], [21.791828, 44.036744], [21.790071, 44.036124], [21.788314, 44.034677], [21.787125, 44.03186], [21.78635, 44.023411], [21.785988, 44.020673], [21.785368, 44.018657], [21.784231, 44.016952], [21.782888, 44.015944], [21.778702, 44.013619], [21.776377, 44.011939], [21.77462, 44.00982], [21.773793, 44.007908], [21.772914, 44.003568], [21.772449, 43.991837], [21.771157, 43.991475], [21.770692, 43.991062], [21.769917, 43.989357], [21.770382, 43.987238], [21.774775, 43.981295], [21.77648, 43.977781], [21.77679, 43.976308], [21.776687, 43.974267], [21.77617, 43.972846], [21.775033, 43.970908], [21.773173, 43.969099], [21.770796, 43.967446], [21.759272, 43.961296], [21.754259, 43.957162], [21.748368, 43.953519], [21.746301, 43.95184], [21.745319, 43.950496], [21.744751, 43.949049], [21.744027, 43.944243], [21.742994, 43.941866], [21.741443, 43.939515], [21.739325, 43.937241], [21.736741, 43.935096], [21.726044, 43.926776], [21.725269, 43.926415], [21.72408, 43.924554], [21.723977, 43.922229], [21.725062, 43.920136], [21.729816, 43.914736], [21.730488, 43.913366], [21.730695, 43.911429], [21.730281, 43.910033], [21.728834, 43.907863], [21.723977, 43.90316], [21.72253, 43.90223], [21.719998, 43.90099], [21.718086, 43.900602], [21.709404, 43.900344], [21.705477, 43.899465], [21.702634, 43.898664], [21.694831, 43.895771], [21.685013, 43.892825], [21.680362, 43.891068], [21.676693, 43.889234], [21.675091, 43.888122], [21.672817, 43.885487], [21.669665, 43.879958], [21.668838, 43.877477], [21.668476, 43.872103], [21.66889, 43.869416], [21.66982, 43.866832], [21.671473, 43.864455], [21.672817, 43.863214], [21.683721, 43.855515], [21.686253, 43.853499], [21.688372, 43.851484], [21.68956, 43.849417], [21.689508, 43.84766], [21.68832, 43.845903], [21.686408, 43.844275], [21.680775, 43.840632], [21.67907, 43.839082], [21.677881, 43.837428], [21.677261, 43.835568], [21.676899, 43.830865], [21.676279, 43.829315], [21.675297, 43.827868], [21.662017, 43.815827], [21.652095, 43.809859], [21.650183, 43.808463], [21.647444, 43.805595], [21.645997, 43.802934], [21.639382, 43.799807], [21.632768, 43.797172], [21.622381, 43.794381], [21.614164, 43.791617], [21.611115, 43.791126], [21.607911, 43.790919], [21.601555, 43.791229], [21.598558, 43.791798], [21.590548, 43.794433], [21.587499, 43.795002], [21.581195, 43.795286], [21.578042, 43.795079], [21.574994, 43.794588], [21.566932, 43.792108], [21.563883, 43.791591], [21.554375, 43.790816], [21.549207, 43.790144], [21.547347, 43.78955], [21.545073, 43.788206], [21.542386, 43.786087], [21.539854, 43.78477], [21.532929, 43.782082], [21.530242, 43.780635], [21.521043, 43.774383], [21.516858, 43.772781], [21.508693, 43.770791], [21.506626, 43.769964], [21.501251, 43.766941], [21.497117, 43.765029], [21.49319, 43.763479], [21.487299, 43.761619], [21.484611, 43.760482], [21.478307, 43.757071], [21.465905, 43.749423], [21.468385, 43.746374]], [[20.103766, 43.830813], [20.102164, 43.831614], [20.103765, 43.830813], [20.105367, 43.829237], [20.103766, 43.830813]], [[19.973644, 43.558478], [19.975298, 43.559254], [19.973644, 43.558479], [19.966099, 43.556618], [19.973644, 43.558478]], [[19.90631004091934, 43.56374981178687], [19.90631, 43.563749], [19.906827, 43.561372], [19.90631004091934, 43.56374981178687]]]}}, {"type": "Feature", "properties": {"name": "Београдски регион", "centroid": [20.407326816153788, 44.62762139093562]}, "geometry": {"type": "Polygon", "coordinates": [[[20.395168, 45.065154], [20.395171, 45.06515], [20.395179, 45.065142], [20.395902, 45.063204], [20.396005, 45.061111], [20.395489, 45.059096], [20.392698, 45.054755], [20.391768, 45.052662], [20.391768, 45.050208], [20.392388, 45.04814], [20.396574, 45.040079], [20.397401, 45.037263], [20.398538, 45.031449], [20.399416, 45.028658], [20.401167, 45.025749], [20.401173, 45.025739], [20.403964, 45.022406], [20.407839, 45.019357], [20.410526, 45.017703], [20.424324, 45.010468], [20.4313, 45.007058], [20.440292, 45.002097], [20.442566, 45.000366], [20.444318, 44.998407], [20.444323, 44.998402], [20.445408, 44.996361], [20.446907, 44.991942], [20.447937, 44.989804], [20.44794, 44.989798], [20.449852, 44.987395], [20.452229, 44.985121], [20.457862, 44.980806], [20.467164, 44.974502], [20.472538, 44.971685], [20.475535, 44.970626], [20.478171, 44.970083], [20.481375, 44.969696], [20.490677, 44.969282], [20.491814, 44.968972], [20.493881, 44.967939], [20.495948, 44.96644], [20.49739, 44.964792], [20.497395, 44.964786], [20.498376, 44.963004], [20.498893, 44.960652], [20.498842, 44.958301], [20.497911, 44.952797], [20.498118, 44.950524], [20.498842, 44.948353], [20.500074, 44.946428], [20.500082, 44.946415], [20.504939, 44.940783], [20.507316, 44.938586], [20.512691, 44.934401], [20.521372, 44.928406], [20.526953, 44.925357], [20.531604, 44.923704], [20.54411, 44.919905], [20.554342, 44.915694], [20.5592, 44.91435], [20.567881, 44.912438], [20.570258, 44.911637], [20.573152, 44.910268], [20.578733, 44.906831], [20.586588, 44.900914], [20.593048, 44.894817], [20.597905, 44.890682], [20.600076, 44.888615], [20.601668, 44.886406], [20.601678, 44.886393], [20.602298, 44.884326], [20.602298, 44.882156], [20.601678, 44.880089], [20.600282, 44.878022], [20.596613, 44.873991], [20.594961, 44.85801], [20.59496, 44.857997], [20.623692, 44.854586], [20.636397, 44.849448], [20.636404, 44.849445], [20.638626, 44.837352], [20.628188, 44.78857], [20.627929, 44.777046], [20.633299, 44.765222], [20.633304, 44.765212], [20.644517, 44.755807], [20.672009, 44.743973], [20.684825, 44.733534], [20.720327, 44.696198], [20.741979, 44.679171], [20.763632, 44.66837], [20.794776, 44.664677], [20.778195, 44.632883], [20.774991, 44.630041], [20.772872, 44.627664], [20.771425, 44.625183], [20.770857, 44.621049], [20.77096, 44.618672], [20.771477, 44.616347], [20.772459, 44.614202], [20.774216, 44.612161], [20.781399, 44.606657], [20.783776, 44.603583], [20.785274, 44.600069], [20.785688, 44.597046], [20.785223, 44.594875], [20.783672, 44.59317], [20.781915, 44.591594], [20.780778, 44.589992], [20.780675, 44.589242], [20.781502, 44.587589], [20.783311, 44.585961], [20.785636, 44.584462], [20.788323, 44.583222], [20.795196, 44.580845], [20.797728, 44.579295], [20.799175, 44.578106], [20.800364, 44.576814], [20.801707, 44.574799], [20.805686, 44.567823], [20.806668, 44.565032], [20.806358, 44.563198], [20.804911, 44.561466], [20.802689, 44.560045], [20.800571, 44.559244], [20.798245, 44.558676], [20.78853, 44.557384], [20.786049, 44.556867], [20.783621, 44.55617], [20.775611, 44.55294], [20.764759, 44.549891], [20.761968, 44.548754], [20.759384, 44.546997], [20.752925, 44.5417], [20.751064, 44.540537], [20.741143, 44.53568], [20.737112, 44.533044], [20.750186, 44.522554], [20.756542, 44.515681], [20.757937, 44.513485], [20.758506, 44.511676], [20.758609, 44.504261], [20.759126, 44.502219], [20.762123, 44.497491], [20.764139, 44.495992], [20.766051, 44.495424], [20.771373, 44.494416], [20.779073, 44.492013], [20.787703, 44.488112], [20.804446, 44.47403], [20.816539, 44.467467], [20.819019, 44.465813], [20.821086, 44.463953], [20.824652, 44.459199], [20.826874, 44.455039], [20.83106, 44.448502], [20.836486, 44.443024], [20.837571, 44.441525], [20.838346, 44.439872], [20.838914, 44.43765], [20.839069, 44.435428], [20.838811, 44.433257], [20.838088, 44.431138], [20.836486, 44.428865], [20.824187, 44.418736], [20.821758, 44.417082], [20.819071, 44.415894], [20.817262, 44.41548], [20.814678, 44.415429], [20.811836, 44.416049], [20.793491, 44.422276], [20.791424, 44.422819], [20.787496, 44.423387], [20.783517, 44.423568], [20.77959, 44.423387], [20.775869, 44.422793], [20.769513, 44.420751], [20.759953, 44.418323], [20.758351, 44.417548], [20.756749, 44.415997], [20.755767, 44.413982], [20.755147, 44.411398], [20.75401, 44.40313], [20.752925, 44.400623], [20.75122, 44.398686], [20.748946, 44.396954], [20.740212, 44.391864], [20.735303, 44.38835], [20.733029, 44.386283], [20.731479, 44.384061], [20.730962, 44.382046], [20.731479, 44.378532], [20.732358, 44.376465], [20.733753, 44.37432], [20.736853, 44.370212], [20.742228, 44.364166], [20.75246, 44.354554], [20.755354, 44.352384], [20.757937, 44.351143], [20.759901, 44.350704], [20.76202, 44.350575], [20.764862, 44.350859], [20.772924, 44.353004], [20.775973, 44.353365], [20.779021, 44.353314], [20.781295, 44.352926], [20.783466, 44.35228], [20.785894, 44.350962], [20.787393, 44.34918], [20.787858, 44.347371], [20.787651, 44.346027], [20.78698, 44.344761], [20.785016, 44.343185], [20.779021, 44.339774], [20.770598, 44.333935], [20.767601, 44.331222], [20.766722, 44.329853], [20.765792, 44.327243], [20.765534, 44.324452], [20.765844, 44.321636], [20.766774, 44.318949], [20.769203, 44.315202], [20.77065, 44.312489], [20.771735, 44.308226], [20.772045, 44.304996], [20.772045, 44.297762], [20.757421, 44.305358], [20.750393, 44.309647], [20.748584, 44.310939], [20.747085, 44.312386], [20.742848, 44.31714], [20.738869, 44.320034], [20.736078, 44.321378], [20.731376, 44.322695], [20.728172, 44.323135], [20.718198, 44.323806], [20.712514, 44.324737], [20.710188, 44.325408], [20.70714, 44.326752], [20.698458, 44.332126], [20.694479, 44.333625], [20.6905, 44.334659], [20.687554, 44.334917], [20.684609, 44.33471], [20.677581, 44.332902], [20.664041, 44.327889], [20.649779, 44.321843], [20.640994, 44.32993], [20.635981, 44.33378], [20.634121, 44.334762], [20.627196, 44.3367], [20.624716, 44.338017], [20.622959, 44.339774], [20.622183, 44.341273], [20.621873, 44.342823], [20.622132, 44.347784], [20.620478, 44.355742], [20.619703, 44.364269], [20.619083, 44.366956], [20.618101, 44.369023], [20.616499, 44.370729], [20.614949, 44.371659], [20.61128, 44.373002], [20.609368, 44.373416], [20.606526, 44.373674], [20.603632, 44.373416], [20.600273, 44.372537], [20.595518, 44.370548], [20.588904, 44.368145], [20.573039, 44.363907], [20.565029, 44.361117], [20.55273, 44.35874], [20.546219, 44.356414], [20.543067, 44.355587], [20.54038, 44.355484], [20.538519, 44.355846], [20.536607, 44.356518], [20.534902, 44.357499], [20.53361, 44.358791], [20.532732, 44.360342], [20.531905, 44.363029], [20.531646, 44.365923], [20.532111, 44.372021], [20.532938, 44.375069], [20.536452, 44.382924], [20.537899, 44.385663], [20.521569, 44.391348], [20.509374, 44.396825], [20.505963, 44.397807], [20.501106, 44.398376], [20.49785, 44.398479], [20.487721, 44.398014], [20.485654, 44.398272], [20.483846, 44.398892], [20.477231, 44.40375], [20.469273, 44.407781], [20.466482, 44.409408], [20.45625, 44.416204], [20.453873, 44.417134], [20.45129, 44.417858], [20.448396, 44.418323], [20.442194, 44.418891], [20.433306, 44.412845], [20.427002, 44.40822], [20.424211, 44.406515], [20.421937, 44.40561], [20.419612, 44.404938], [20.413514, 44.403776], [20.411395, 44.403233], [20.409535, 44.402561], [20.407416, 44.401114], [20.402972, 44.396877], [20.39889, 44.392536], [20.397339, 44.390624], [20.396719, 44.389332], [20.396512, 44.388428], [20.396978, 44.38618], [20.398476, 44.383441], [20.399561, 44.382149], [20.405401, 44.378118], [20.412739, 44.372589], [20.415529, 44.371194], [20.419508, 44.369592], [20.422041, 44.368197], [20.42695, 44.363752], [20.431239, 44.360264], [20.432789, 44.358223], [20.433254, 44.356983], [20.433254, 44.356104], [20.432531, 44.354554], [20.431187, 44.353107], [20.423178, 44.347888], [20.41956, 44.345045], [20.418217, 44.343754], [20.41155, 44.335847], [20.408915, 44.333108], [20.404057, 44.329284], [20.401525, 44.326881], [20.400337, 44.324737], [20.40013, 44.323729], [20.400078, 44.320086], [20.400647, 44.312696], [20.400647, 44.310164], [20.40013, 44.308097], [20.399045, 44.306236], [20.397443, 44.304479], [20.392378, 44.299777], [20.389484, 44.295539], [20.389071, 44.294299], [20.384369, 44.292542], [20.377909, 44.290785], [20.374395, 44.290372], [20.370933, 44.290268], [20.363181, 44.290837], [20.360236, 44.290708], [20.358065, 44.290217], [20.356102, 44.289442], [20.352949, 44.287013], [20.350624, 44.284429], [20.34928, 44.282414], [20.346541, 44.277556], [20.344939, 44.272698], [20.344164, 44.2712], [20.343079, 44.269856], [20.34158, 44.268668], [20.333054, 44.26319], [20.331607, 44.261846], [20.328816, 44.258487], [20.326749, 44.256575], [20.324165, 44.254973], [20.318016, 44.252338], [20.313262, 44.250994], [20.309438, 44.250478], [20.307319, 44.250736], [20.305252, 44.251304], [20.297914, 44.255077], [20.293986, 44.25642], [20.292126, 44.25673], [20.290111, 44.256627], [20.28825, 44.256162], [20.286183, 44.254922], [20.28484, 44.253268], [20.284426, 44.251408], [20.284943, 44.246421], [20.284685, 44.24438], [20.28391, 44.242494], [20.282411, 44.241124], [20.280912, 44.240607], [20.279104, 44.240452], [20.27528, 44.240917], [20.269233, 44.241951], [20.264531, 44.243372], [20.261637, 44.244793], [20.259208, 44.246654], [20.256779, 44.249289], [20.251302, 44.258436], [20.248821, 44.261459], [20.246341, 44.263268], [20.240708, 44.266652], [20.226704, 44.276212], [20.220399, 44.279881], [20.216317, 44.281949], [20.212906, 44.284352], [20.210271, 44.286703], [20.205723, 44.291922], [20.199005, 44.3005], [20.192287, 44.308149], [20.187998, 44.315797], [20.18712, 44.31789], [20.187016, 44.319931], [20.188101, 44.323341], [20.18991, 44.326132], [20.19146, 44.328044], [20.193631, 44.330163], [20.200504, 44.33626], [20.202054, 44.338431], [20.202674, 44.340446], [20.202623, 44.342565], [20.201899, 44.34458], [20.200555, 44.346337], [20.198798, 44.347991], [20.193527, 44.352125], [20.192287, 44.353572], [20.19146, 44.355122], [20.190995, 44.357215], [20.191047, 44.359282], [20.19146, 44.360755], [20.192236, 44.362099], [20.194148, 44.363804], [20.197352, 44.365871], [20.199212, 44.36737], [20.200039, 44.369075], [20.199264, 44.373984], [20.199677, 44.375328], [20.200607, 44.376568], [20.203708, 44.37879], [20.211097, 44.382769], [20.213475, 44.384423], [20.215335, 44.386283], [20.216679, 44.388247], [20.219314, 44.393208], [20.221691, 44.399719], [20.225774, 44.407729], [20.226497, 44.410261], [20.226807, 44.412897], [20.226807, 44.418271], [20.22598, 44.423335], [20.224947, 44.425609], [20.221536, 44.430002], [20.220503, 44.431914], [20.220244, 44.434187], [20.221174, 44.438244], [20.22536, 44.445944], [20.226135, 44.447985], [20.226445, 44.449432], [20.226342, 44.451499], [20.223706, 44.458837], [20.221381, 44.468397], [20.217557, 44.478732], [20.21425, 44.481859], [20.211304, 44.484158], [20.207997, 44.486303], [20.200866, 44.489739], [20.199109, 44.490928], [20.197765, 44.49222], [20.196835, 44.493615], [20.19637, 44.495837], [20.199935, 44.506948], [20.200142, 44.508343], [20.199832, 44.510307], [20.198385, 44.512658], [20.194199, 44.517206], [20.192494, 44.519557], [20.191719, 44.521572], [20.19022, 44.527928], [20.190324, 44.532838], [20.189962, 44.534905], [20.189393, 44.5363], [20.187275, 44.539556], [20.186086, 44.540744], [20.184742, 44.541778], [20.182417, 44.542915], [20.180712, 44.543225], [20.178955, 44.543121], [20.176578, 44.542269], [20.175286, 44.541261], [20.17265, 44.538445], [20.170376, 44.534905], [20.169446, 44.528083], [20.167948, 44.525319], [20.165467, 44.522399], [20.161075, 44.518601], [20.158336, 44.515629], [20.156269, 44.512839], [20.153995, 44.508705], [20.151566, 44.505785], [20.148001, 44.503485], [20.144435, 44.501677], [20.130224, 44.495579], [20.127795, 44.495166], [20.125366, 44.495708], [20.123299, 44.497103], [20.121542, 44.49899], [20.115496, 44.507051], [20.109812, 44.512839], [20.108881, 44.514234], [20.105833, 44.520435], [20.103972, 44.522399], [20.10144, 44.524001], [20.099373, 44.524828], [20.095136, 44.525965], [20.089865, 44.526275], [20.081803, 44.525913], [20.077772, 44.525551], [20.074052, 44.524724], [20.070279, 44.523097], [20.067075, 44.520978], [20.065008, 44.519092], [20.060616, 44.512994], [20.059272, 44.511805], [20.056895, 44.510203], [20.053071, 44.50886], [20.04749, 44.507516], [20.044699, 44.507154], [20.043407, 44.507232], [20.040669, 44.507878], [20.035088, 44.510048], [20.02408, 44.512891], [20.021962, 44.513717], [20.016277, 44.516534], [20.014107, 44.517309], [20.01173, 44.517903], [20.007802, 44.518472], [19.999741, 44.519298], [19.995917, 44.520022], [19.993901, 44.520642], [19.989974, 44.522347], [19.988165, 44.523433], [19.985995, 44.525241], [19.983669, 44.527903], [19.981654, 44.529711], [19.976125, 44.533148], [19.974109, 44.534698], [19.972301, 44.536403], [19.969562, 44.539814], [19.967391, 44.543483], [19.966203, 44.546635], [19.966151, 44.549012], [19.967443, 44.554723], [19.967753, 44.557539], [19.970234, 44.559296], [19.970802, 44.559761], [19.970957, 44.559994], [19.971112, 44.560278], [19.971112, 44.560898], [19.97106, 44.564774], [19.971009, 44.575832], [19.970182, 44.580923], [19.969252, 44.58317], [19.968322, 44.584617], [19.963361, 44.589372], [19.961759, 44.59149], [19.961242, 44.592782], [19.96119, 44.593712], [19.961965, 44.595831], [19.968115, 44.602652], [19.96858, 44.603996], [19.96858, 44.605366], [19.967288, 44.60981], [19.973382, 44.641185], [19.973396, 44.641189], [20.006623, 44.661704], [20.027191, 44.678912], [20.045484, 44.690255], [20.094112, 44.708161], [20.098194, 44.719995], [20.100778, 44.723406], [20.103103, 44.729039], [20.103517, 44.730434], [20.103413, 44.732372], [20.102638, 44.73418], [20.102633, 44.734186], [20.097264, 44.73909], [20.097261, 44.739098], [20.096902, 44.740097], [20.097522, 44.741596], [20.098763, 44.742526], [20.104705, 44.745342], [20.106204, 44.746247], [20.107651, 44.747849], [20.108633, 44.749761], [20.110441, 44.754567], [20.110441, 44.75653], [20.109718, 44.758417], [20.109711, 44.758423], [20.108168, 44.759941], [20.106514, 44.760716], [20.098608, 44.762525], [20.091528, 44.764747], [20.087704, 44.766452], [20.084035, 44.768726], [20.082691, 44.770173], [20.082685, 44.770184], [20.081761, 44.771775], [20.080934, 44.774565], [20.080676, 44.777459], [20.080934, 44.780379], [20.081761, 44.783144], [20.082588, 44.784539], [20.085172, 44.78764], [20.087187, 44.788983], [20.088944, 44.789552], [20.090959, 44.78981], [20.093802, 44.78981], [20.097832, 44.7895], [20.100778, 44.789603], [20.107754, 44.791076], [20.114524, 44.793376], [20.118193, 44.795081], [20.121707, 44.797355], [20.122947, 44.798776], [20.123774, 44.800378], [20.124497, 44.802884], [20.125118, 44.813788], [20.125531, 44.816475], [20.126461, 44.819007], [20.127908, 44.821178], [20.131525, 44.825363], [20.133024, 44.827585], [20.133851, 44.829859], [20.134574, 44.837197], [20.13597, 44.844174], [20.147028, 44.860142], [20.150129, 44.865413], [20.153333, 44.875283], [20.153746, 44.877505], [20.154056, 44.883448], [20.154366, 44.884946], [20.155038, 44.886367], [20.156847, 44.888202], [20.161291, 44.891044], [20.163565, 44.892078], [20.165735, 44.892698], [20.168009, 44.893034], [20.171006, 44.893034], [20.179171, 44.892026], [20.187181, 44.891613], [20.195036, 44.891768], [20.198085, 44.892181], [20.200824, 44.892904], [20.202736, 44.893809], [20.215603, 44.901069], [20.223303, 44.906289], [20.229917, 44.909493], [20.235963, 44.912903], [20.238754, 44.914195], [20.243147, 44.915074], [20.246299, 44.915332], [20.258546, 44.915487], [20.280922, 44.919311], [20.324744, 44.929155], [20.324729, 44.929169], [20.318852, 44.934401], [20.303246, 44.954658], [20.303242, 44.954665], [20.290689, 44.977499], [20.29813, 44.977499], [20.304021, 44.993932], [20.333322, 45.01052], [20.356938, 45.034498], [20.345931, 45.073074], [20.345923, 45.073083], [20.339006, 45.080335], [20.33901, 45.080335], [20.351564, 45.082066], [20.359574, 45.08173], [20.363449, 45.081058], [20.36779, 45.079715], [20.372648, 45.077803], [20.375955, 45.076201], [20.384688, 45.071188], [20.393783, 45.066718], [20.395168, 45.065154]]]}}, {"type": "Feature", "properties": {"name": "Регион Косово и Метохија", "centroid": [20.873742921408592, 42.57288337405387]}, "geometry": {"type": "Polygon", "coordinates": [[[20.90417, 42.116668], [20.810543, 42.092936], [20.784912, 42.082032], [20.765378, 42.064333], [20.755353, 42.042784], [20.743054, 41.993484], [20.741814, 41.970773], [20.751439, 41.940338], [20.754423, 41.930904], [20.751052, 41.910218], [20.750495, 41.906797], [20.739953, 41.888039], [20.723313, 41.866619], [20.714398, 41.859163], [20.702953, 41.849591], [20.681456, 41.84401], [20.671844, 41.849307], [20.652827, 41.86928], [20.643422, 41.873647], [20.637014, 41.870365], [20.626162, 41.855198], [20.61872, 41.850522], [20.602391, 41.849876], [20.590298, 41.854733], [20.567147, 41.873182], [20.567767, 41.88052], [20.562703, 41.892845], [20.562496, 41.900105], [20.567251, 41.912172], [20.573348, 41.917675], [20.580583, 41.921732], [20.588748, 41.929586], [20.59929, 41.94788], [20.59929, 41.960567], [20.594329, 41.973718], [20.589678, 41.993639], [20.558259, 42.055109], [20.552161, 42.07379], [20.551954, 42.105803], [20.549371, 42.123476], [20.538622, 42.150116], [20.500795, 42.211223], [20.481674, 42.230705], [20.473665, 42.237123], [20.456973, 42.250497], [20.333363, 42.317883], [20.317964, 42.319821], [20.249647, 42.318607], [20.237762, 42.319924], [20.229597, 42.32672], [20.220915, 42.343101], [20.219468, 42.350207], [20.221225, 42.36372], [20.218848, 42.371446], [20.21306, 42.377518], [20.197454, 42.38744], [20.192803, 42.393693], [20.194043, 42.4001], [20.204379, 42.411831], [20.204689, 42.420099], [20.199728, 42.427799], [20.186292, 42.437437], [20.180814, 42.443095], [20.152702, 42.493402], [20.152702, 42.493428], [20.152599, 42.493609], [20.152599, 42.493712], [20.152392, 42.493712], [20.135546, 42.509629], [20.085626, 42.530015], [20.064956, 42.546758], [20.077048, 42.55991], [20.078185, 42.572906], [20.075394, 42.586962], [20.075704, 42.603085], [20.079218, 42.61125], [20.090587, 42.627348], [20.10392, 42.653108], [20.101956, 42.656674], [20.094205, 42.666983], [20.037006, 42.707363], [20.03612, 42.707989], [20.024751, 42.723414], [20.026508, 42.743206], [20.034673, 42.751423], [20.055638, 42.763866], [20.065059, 42.769458], [20.076324, 42.773437], [20.112085, 42.766538], [20.149498, 42.749872], [20.183398, 42.742508], [20.208409, 42.763282], [20.20996, 42.772972], [20.208409, 42.782093], [20.209236, 42.791704], [20.217608, 42.802737], [20.226083, 42.806768], [20.264427, 42.817258], [20.345352, 42.827439], [20.428034, 42.840642], [20.4763, 42.855525], [20.498831, 42.877875], [20.494367, 42.887467], [20.488909, 42.899191], [20.466688, 42.909501], [20.450979, 42.922032], [20.459454, 42.950015], [20.476403, 42.966371], [20.493457, 42.970195], [20.51113, 42.970195], [20.530457, 42.975156], [20.538415, 42.980659], [20.543893, 42.987248], [20.553401, 43.002596], [20.562393, 43.009495], [20.572832, 43.00934], [20.584304, 43.006911], [20.596396, 43.007092], [20.617273, 43.02213], [20.643835, 43.052257], [20.664919, 43.085407], [20.669157, 43.109799], [20.661818, 43.115948], [20.65169, 43.11631], [20.640941, 43.115276], [20.632053, 43.117266], [20.626058, 43.123725], [20.620581, 43.133337], [20.612106, 43.154938], [20.600117, 43.173826], [20.597533, 43.184962], [20.604044, 43.197959], [20.612312, 43.202274], [20.644869, 43.203307], [20.666986, 43.209663], [20.745328, 43.252865], [20.769512, 43.260849], [20.79442, 43.263071], [20.809717, 43.25961], [20.819432, 43.257412], [20.838449, 43.245863], [20.848474, 43.238137], [20.855088, 43.231445], [20.8647, 43.217337], [20.8616, 43.217518], [20.851471, 43.219818], [20.839999, 43.212092], [20.840619, 43.206976], [20.839069, 43.192455], [20.836071, 43.179433], [20.832041, 43.178606], [20.838552, 43.170467], [20.912494, 43.138805], [20.993431, 43.104148], [21.005157, 43.099128], [21.025827, 43.093366], [21.092593, 43.090678], [21.10851, 43.081558], [21.124012, 43.058277], [21.139309, 43.005826], [21.147887, 42.992622], [21.165354, 42.985103], [21.17941, 42.990581], [21.193052, 42.997893], [21.209795, 42.995878], [21.225298, 42.973554], [21.226745, 42.942522], [21.23243, 42.910896], [21.260542, 42.886556], [21.2716, 42.884283], [21.294958, 42.884386], [21.306327, 42.882448], [21.316972, 42.877616], [21.336403, 42.865473], [21.346738, 42.860847], [21.378777, 42.855292], [21.398931, 42.854569], [21.40844, 42.846998], [21.408419, 42.841743], [21.408336, 42.820747], [21.404099, 42.803978], [21.39056, 42.770414], [21.387149, 42.754962], [21.383945, 42.749976], [21.379191, 42.747004], [21.378674, 42.744136], [21.388699, 42.739046], [21.405546, 42.7353], [21.4178, 42.73557], [21.441823, 42.736101], [21.542488, 42.725817], [21.565226, 42.720184], [21.580522, 42.710211], [21.612665, 42.680393], [21.629408, 42.672203], [21.644084, 42.672306], [21.687389, 42.686827], [21.708886, 42.687189], [21.738652, 42.68215], [21.74425, 42.679425], [21.764387, 42.669619], [21.772758, 42.647501], [21.767074, 42.638716], [21.756532, 42.633626], [21.744543, 42.629647], [21.734725, 42.624247], [21.735551, 42.621276], [21.730074, 42.601018], [21.728833, 42.598305], [21.726973, 42.596393], [21.720152, 42.593887], [21.718291, 42.591019], [21.719738, 42.586678], [21.726766, 42.577945], [21.727697, 42.574147], [21.717671, 42.551151], [21.667855, 42.490095], [21.627858, 42.460381], [21.618969, 42.449245], [21.616902, 42.433923], [21.621863, 42.402167], [21.617419, 42.386639], [21.596645, 42.372092], [21.537321, 42.35863], [21.51603, 42.341939], [21.514893, 42.317832], [21.553857, 42.273984], [21.564066, 42.246289], [21.561815, 42.247164], [21.519854, 42.239025], [21.499287, 42.238663], [21.48151, 42.247784], [21.471973, 42.23913], [21.467557, 42.235123], [21.457222, 42.237035], [21.44792, 42.244141], [21.436345, 42.24688], [21.419912, 42.240058], [21.421462, 42.231351], [21.428697, 42.222566], [21.429834, 42.215848], [21.419085, 42.215021], [21.384255, 42.224943], [21.366788, 42.223858], [21.360602, 42.220114], [21.353766, 42.215977], [21.294958, 42.148979], [21.293718, 42.140168], [21.295785, 42.134794], [21.298782, 42.129419], [21.300332, 42.120893], [21.301263, 42.10061], [21.300796, 42.098425], [21.299299, 42.091411], [21.28886, 42.089706], [21.245727, 42.096167], [21.237804, 42.097354], [21.229298, 42.103822], [21.225402, 42.106785], [21.216203, 42.121151], [21.199873, 42.14115], [21.164423, 42.16704], [21.12639, 42.188925], [21.112954, 42.194402], [21.106236, 42.195798], [21.098484, 42.195953], [21.074403, 42.184455], [21.04094, 42.15997], [21.029238, 42.151408], [21.003916, 42.141951], [20.975145, 42.134658], [20.90417, 42.116668]]]}}, {"type": "Feature", "properties": {"name": "Регион Војводине", "centroid": [20.064272029350338, 45.398981785459334]}, "geometry": {"type": "Polygon", "coordinates": [[[19.272756, 45.168355], [19.275753, 45.172851], [19.279474, 45.177244], [19.286709, 45.179517], [19.291359, 45.177709], [19.299421, 45.168975], [19.304279, 45.166547], [19.390682, 45.169337], [19.393929, 45.171624], [19.405358, 45.179672], [19.407838, 45.203133], [19.397296, 45.223287], [19.378073, 45.229592], [19.363086, 45.248247], [19.162065, 45.285041], [19.124755, 45.298115], [19.098813, 45.319871], [19.096229, 45.329121], [19.095402, 45.340489], [19.091992, 45.349998], [19.08207, 45.354029], [19.040832, 45.354029], [19.020988, 45.357233], [19.003625, 45.366121], [18.988742, 45.379247], [18.975927, 45.394956], [19.028637, 45.412165], [19.037422, 45.422293], [19.031634, 45.434024], [19.012258, 45.448468], [19.003005, 45.455366], [18.99639, 45.473815], [19.00962, 45.498671], [19.017926, 45.497807], [19.077212, 45.491643], [19.106255, 45.511642], [19.095092, 45.526059], [19.082277, 45.531175], [19.067807, 45.533398], [19.050961, 45.538927], [19.040936, 45.545025], [19.036491, 45.549469], [19.033391, 45.554637], [19.02719, 45.562595], [19.018095, 45.567401], [19.009206, 45.565489], [19.000628, 45.561199], [18.983161, 45.55474], [18.973136, 45.546265], [18.960217, 45.539134], [18.941717, 45.538927], [18.932002, 45.545541], [18.912054, 45.568227], [18.90358, 45.573085], [18.90699, 45.581663], [18.90823, 45.600422], [18.912365, 45.619232], [18.924457, 45.627707], [18.935412, 45.633391], [18.962904, 45.660108], [18.968485, 45.668738], [18.962697, 45.683052], [18.948125, 45.692044], [18.931071, 45.698917], [18.917325, 45.706565], [18.908954, 45.719433], [18.90482, 45.749767], [18.900169, 45.764908], [18.871127, 45.789971], [18.863995, 45.798549], [18.848699, 45.809556], [18.844978, 45.815706], [18.846735, 45.819995], [18.850353, 45.824232], [18.85242, 45.830072], [18.855314, 45.857357], [18.887146, 45.859476], [18.899755, 45.861388], [18.90699, 45.867951], [18.903993, 45.875702], [18.893451, 45.883867], [18.872884, 45.895236], [18.881979, 45.902626], [18.889834, 45.907897], [18.90699, 45.9157], [18.901306, 45.931203], [18.962697, 45.927947], [18.981818, 45.921849], [18.987502, 45.923813], [18.988742, 45.927017], [18.986469, 45.931254], [18.97882, 45.939781], [18.977684, 45.943502], [18.978717, 45.947171], [18.981818, 45.950788], [19.005589, 45.96257], [19.03091, 45.960038], [19.048584, 45.963449], [19.049721, 45.993111], [19.06543, 46.012025], [19.088478, 46.018846], [19.111009, 46.012955], [19.125788, 45.993266], [19.125788, 45.993111], [19.148009, 45.984068], [19.235652, 45.977711], [19.263454, 45.981432], [19.274823, 45.991612], [19.279474, 46.003808], [19.286915, 46.016159], [19.298315, 46.022123], [19.306966, 46.026649], [19.325156, 46.029491], [19.362156, 46.029646], [19.378899, 46.033677], [19.389131, 46.041532], [19.396573, 46.051557], [19.404738, 46.060239], [19.417243, 46.064321], [19.428302, 46.06551], [19.43688, 46.06799], [19.453727, 46.07755], [19.460858, 46.084475], [19.465922, 46.091968], [19.47295, 46.098686], [19.499305, 46.108608], [19.496722, 46.116876], [19.48928, 46.126023], [19.487523, 46.134239], [19.501993, 46.145608], [19.525247, 46.156409], [19.549948, 46.16416], [19.568449, 46.166434], [19.589739, 46.165969], [19.647824, 46.173875], [19.669321, 46.1731], [19.690095, 46.168398], [19.711889, 46.15871], [19.772984, 46.131552], [19.79045, 46.129072], [19.873649, 46.152992], [19.888946, 46.15739], [19.92915, 46.16354], [19.993125, 46.159406], [20.034983, 46.142973], [20.063405, 46.145298], [20.088623, 46.154135], [20.098442, 46.154962], [20.114772, 46.152223], [20.120146, 46.149226], [20.130378, 46.139355], [20.138026, 46.136461], [20.145364, 46.137082], [20.170479, 46.145505], [20.188462, 46.140389], [20.242826, 46.108091], [20.305665, 46.053572], [20.317653, 46.038586], [20.338634, 45.992801], [20.35393, 45.976678], [20.370984, 45.96779], [20.410258, 45.955594], [20.429068, 45.946706], [20.481674, 45.912703], [20.499865, 45.906656], [20.538002, 45.903711], [20.556709, 45.89844], [20.572108, 45.887691], [20.605284, 45.846143], [20.612312, 45.841492], [20.629676, 45.833276], [20.636704, 45.827023], [20.640114, 45.818703], [20.642285, 45.798343], [20.64349, 45.795141], [20.645902, 45.788731], [20.655617, 45.77731], [20.678562, 45.75664], [20.68807, 45.7431], [20.700059, 45.735401], [20.713392, 45.733334], [20.726827, 45.736176], [20.739436, 45.743411], [20.745328, 45.754986], [20.754113, 45.763564], [20.765171, 45.766768], [20.77747, 45.762324], [20.785739, 45.752557], [20.785532, 45.743411], [20.781604, 45.733954], [20.779124, 45.72367], [20.779951, 45.671684], [20.777264, 45.657524], [20.773233, 45.648894], [20.762174, 45.630601], [20.754423, 45.60559], [20.75804, 45.58926], [20.787392, 45.553655], [20.800208, 45.530504], [20.797624, 45.516499], [20.783155, 45.506061], [20.760727, 45.493348], [20.767135, 45.479344], [20.781604, 45.472574], [20.799484, 45.468544], [20.816021, 45.462859], [20.830387, 45.452524], [20.863047, 45.418728], [20.927642, 45.37749], [20.966193, 45.341575], [20.981489, 45.33279], [21.016668, 45.321482], [21.063964, 45.30628], [21.0743, 45.300544], [21.082775, 45.293671], [21.09156, 45.288089], [21.103342, 45.286074], [21.113057, 45.28933], [21.12918, 45.301887], [21.139412, 45.303696], [21.155638, 45.295169], [21.189745, 45.259564], [21.206075, 45.245922], [21.239251, 45.229385], [21.257131, 45.224114], [21.299299, 45.223184], [21.405546, 45.199671], [21.433761, 45.188819], [21.459393, 45.17404], [21.484388, 45.152702], [21.493292, 45.145101], [21.49784, 45.131872], [21.494119, 45.119314], [21.48151, 45.111563], [21.469004, 45.111046], [21.458566, 45.107325], [21.449987, 45.101021], [21.442443, 45.092908], [21.443786, 45.091461], [21.444406, 45.085259], [21.444406, 45.07787], [21.443786, 45.072909], [21.440996, 45.068723], [21.432521, 45.061488], [21.429524, 45.057303], [21.425596, 45.043247], [21.425079, 45.036219], [21.421875, 45.031413], [21.409266, 45.023971], [21.398828, 45.021387], [21.3733, 45.020096], [21.363378, 45.01653], [21.356143, 45.008572], [21.351389, 44.998236], [21.353456, 44.989813], [21.366995, 44.987281], [21.383945, 44.986661], [21.387046, 44.981545], [21.384565, 44.97493], [21.385185, 44.969504], [21.40844, 44.958342], [21.456499, 44.952348], [21.48151, 44.943563], [21.51634, 44.933899], [21.531016, 44.924649], [21.539078, 44.908474], [21.536287, 44.889302], [21.522128, 44.880776], [21.48151, 44.872611], [21.453398, 44.869562], [21.395314, 44.871629], [21.368545, 44.86486], [21.355523, 44.856591], [21.346428, 44.845636], [21.342811, 44.831942], [21.3598, 44.826657], [21.359841, 44.826644], [21.31905, 44.825053], [21.269492, 44.813685], [21.222467, 44.796683], [21.188825, 44.778234], [21.179472, 44.76808], [21.172289, 44.756866], [21.163814, 44.747823], [21.150946, 44.744102], [21.125728, 44.745575], [21.112292, 44.7448], [21.102836, 44.740692], [21.077876, 44.726506], [21.036845, 44.722011], [21.036836, 44.722009], [20.989561, 44.716791], [20.883211, 44.67266], [20.82647, 44.660929], [20.794792, 44.664676], [20.794776, 44.664677], [20.763632, 44.66837], [20.741979, 44.679171], [20.720327, 44.696198], [20.684825, 44.733534], [20.672009, 44.743973], [20.644517, 44.755807], [20.633304, 44.765212], [20.633299, 44.765222], [20.627929, 44.777046], [20.628188, 44.78857], [20.638626, 44.837352], [20.636404, 44.849445], [20.636397, 44.849448], [20.623692, 44.854586], [20.59496, 44.857997], [20.594961, 44.85801], [20.596613, 44.873991], [20.600282, 44.878022], [20.601678, 44.880089], [20.602298, 44.882156], [20.602298, 44.884326], [20.601678, 44.886393], [20.601668, 44.886406], [20.600076, 44.888615], [20.597905, 44.890682], [20.593048, 44.894817], [20.586588, 44.900914], [20.578733, 44.906831], [20.573152, 44.910268], [20.570258, 44.911637], [20.567881, 44.912438], [20.5592, 44.91435], [20.554342, 44.915694], [20.54411, 44.919905], [20.531604, 44.923704], [20.526953, 44.925357], [20.521372, 44.928406], [20.512691, 44.934401], [20.507316, 44.938586], [20.504939, 44.940783], [20.500082, 44.946415], [20.500074, 44.946428], [20.498842, 44.948353], [20.498118, 44.950524], [20.497911, 44.952797], [20.498842, 44.958301], [20.498893, 44.960652], [20.498376, 44.963004], [20.497395, 44.964786], [20.49739, 44.964792], [20.495948, 44.96644], [20.493881, 44.967939], [20.491814, 44.968972], [20.490677, 44.969282], [20.481375, 44.969696], [20.478171, 44.970083], [20.475535, 44.970626], [20.472538, 44.971685], [20.467164, 44.974502], [20.457862, 44.980806], [20.452229, 44.985121], [20.449852, 44.987395], [20.44794, 44.989798], [20.447937, 44.989804], [20.446907, 44.991942], [20.445408, 44.996361], [20.444323, 44.998402], [20.444318, 44.998407], [20.442566, 45.000366], [20.440292, 45.002097], [20.4313, 45.007058], [20.424324, 45.010468], [20.410526, 45.017703], [20.407839, 45.019357], [20.403964, 45.022406], [20.401173, 45.025739], [20.401167, 45.025749], [20.399416, 45.028658], [20.398538, 45.031449], [20.397401, 45.037263], [20.396574, 45.040079], [20.392388, 45.04814], [20.391768, 45.050208], [20.391768, 45.052662], [20.392698, 45.054755], [20.395489, 45.059096], [20.396005, 45.061111], [20.395902, 45.063204], [20.395179, 45.065142], [20.395171, 45.06515], [20.395168, 45.065154], [20.393783, 45.066718], [20.384688, 45.071188], [20.375955, 45.076201], [20.372648, 45.077803], [20.36779, 45.079715], [20.363449, 45.081058], [20.359574, 45.08173], [20.351564, 45.082066], [20.33901, 45.080335], [20.339006, 45.080335], [20.345923, 45.073083], [20.345931, 45.073074], [20.356938, 45.034498], [20.333322, 45.01052], [20.304021, 44.993932], [20.29813, 44.977499], [20.290689, 44.977499], [20.303242, 44.954665], [20.303246, 44.954658], [20.318852, 44.934401], [20.324729, 44.929169], [20.324744, 44.929155], [20.280922, 44.919311], [20.258546, 44.915487], [20.246299, 44.915332], [20.243147, 44.915074], [20.238754, 44.914195], [20.235963, 44.912903], [20.229917, 44.909493], [20.223303, 44.906289], [20.215603, 44.901069], [20.202736, 44.893809], [20.200824, 44.892904], [20.198085, 44.892181], [20.195036, 44.891768], [20.187181, 44.891613], [20.179171, 44.892026], [20.171006, 44.893034], [20.168009, 44.893034], [20.165735, 44.892698], [20.163565, 44.892078], [20.161291, 44.891044], [20.156847, 44.888202], [20.155038, 44.886367], [20.154366, 44.884946], [20.154056, 44.883448], [20.153746, 44.877505], [20.153333, 44.875283], [20.150129, 44.865413], [20.147028, 44.860142], [20.13597, 44.844174], [20.134574, 44.837197], [20.133851, 44.829859], [20.133024, 44.827585], [20.131525, 44.825363], [20.127908, 44.821178], [20.126461, 44.819007], [20.125531, 44.816475], [20.125118, 44.813788], [20.124497, 44.802884], [20.123774, 44.800378], [20.122947, 44.798776], [20.121707, 44.797355], [20.118193, 44.795081], [20.114524, 44.793376], [20.107754, 44.791076], [20.100778, 44.789603], [20.097832, 44.7895], [20.093802, 44.78981], [20.090959, 44.78981], [20.088944, 44.789552], [20.087187, 44.788983], [20.085172, 44.78764], [20.082588, 44.784539], [20.081761, 44.783144], [20.080934, 44.780379], [20.080676, 44.777459], [20.080934, 44.774565], [20.081761, 44.771775], [20.082685, 44.770184], [20.082691, 44.770173], [20.084035, 44.768726], [20.087704, 44.766452], [20.091528, 44.764747], [20.098608, 44.762525], [20.106514, 44.760716], [20.108168, 44.759941], [20.109711, 44.758423], [20.109718, 44.758417], [20.110441, 44.75653], [20.110441, 44.754567], [20.108633, 44.749761], [20.107651, 44.747849], [20.106204, 44.746247], [20.104705, 44.745342], [20.098763, 44.742526], [20.097522, 44.741596], [20.096902, 44.740097], [20.097261, 44.739098], [20.097264, 44.73909], [20.102633, 44.734186], [20.102638, 44.73418], [20.103413, 44.732372], [20.103517, 44.730434], [20.103103, 44.729039], [20.100778, 44.723406], [20.098194, 44.719995], [20.094112, 44.708161], [20.045484, 44.690255], [20.027191, 44.678912], [20.006623, 44.661704], [19.973396, 44.641189], [19.973382, 44.641185], [19.940426, 44.631783], [19.920737, 44.647907], [19.920741, 44.64791], [19.930814, 44.659275], [19.989622, 44.678602], [20.010137, 44.68886], [20.010112, 44.688867], [19.982646, 44.695914], [19.913968, 44.695449], [19.88968, 44.706869], [19.872782, 44.719737], [19.846272, 44.733483], [19.79661, 44.751569], [19.745296, 44.752241], [19.728966, 44.757771], [19.720336, 44.764489], [19.720327, 44.764503], [19.715427, 44.771956], [19.711344, 44.780043], [19.711337, 44.780054], [19.70504, 44.788776], [19.705039, 44.788778], [19.700647, 44.807587], [19.710001, 44.830221], [19.753254, 44.892103], [19.75868, 44.904945], [19.756871, 44.91541], [19.756864, 44.915413], [19.748965, 44.918433], [19.722093, 44.921016], [19.700234, 44.929698], [19.683077, 44.931869], [19.673466, 44.934478], [19.644682, 44.912722], [19.641374, 44.913213], [19.633365, 44.913937], [19.612384, 44.91435], [19.604271, 44.914247], [19.600343, 44.913988], [19.596571, 44.913472], [19.589543, 44.911456], [19.572076, 44.905152], [19.562361, 44.901948], [19.558279, 44.900888], [19.55523, 44.900553], [19.552078, 44.900501], [19.548977, 44.900759], [19.541432, 44.901896], [19.531665, 44.902878], [19.526498, 44.903989], [19.520348, 44.906211], [19.517609, 44.907787], [19.508411, 44.913988], [19.506034, 44.915332], [19.503553, 44.916366], [19.500556, 44.916934], [19.499161, 44.916934], [19.496319, 44.91634], [19.493425, 44.91528], [19.489187, 44.913368], [19.486552, 44.911741], [19.482573, 44.908666], [19.477922, 44.90417], [19.473943, 44.901379], [19.471256, 44.900191], [19.469085, 44.899674], [19.466915, 44.899571], [19.464951, 44.899829], [19.460869, 44.901069], [19.458802, 44.901948], [19.456269, 44.903602], [19.454409, 44.905617], [19.454405, 44.905625], [19.451464, 44.911896], [19.447484, 44.918174], [19.444436, 44.924479], [19.444429, 44.924487], [19.442937, 44.926339], [19.438958, 44.92975], [19.433584, 44.933212], [19.422111, 44.939155], [19.419321, 44.940292], [19.414463, 44.941558], [19.411259, 44.941894], [19.40821, 44.941894], [19.406092, 44.941635], [19.395653, 44.931791], [19.397513, 44.923497], [19.386351, 44.91541], [19.371572, 44.913859], [19.340566, 44.921533], [19.324866, 44.922256], [19.324856, 44.922257], [19.341238, 44.909673], [19.359002, 44.901127], [19.359014, 44.901121], [19.356993, 44.895869], [19.356982, 44.895877], [19.353165, 44.899018], [19.352958, 44.898087], [19.350271, 44.897002], [19.340142, 44.896227], [19.33022, 44.898708], [19.31017, 44.91235], [19.301281, 44.91235], [19.293013, 44.909405], [19.283815, 44.908371], [19.239476, 44.915141], [19.229554, 44.913745], [19.211881, 44.908371], [19.201856, 44.908371], [19.196895, 44.913177], [19.193174, 44.921549], [19.18687, 44.927543], [19.174261, 44.925424], [19.08455, 44.878967], [19.068427, 44.874833], [19.047757, 44.872714], [19.015821, 44.865635], [18.994323, 44.894832], [18.991429, 44.914934], [19.018405, 44.925683], [19.031944, 44.922634], [19.052098, 44.906976], [19.06667, 44.905684], [19.078659, 44.910852], [19.087858, 44.919326], [19.103567, 44.93824], [19.113076, 44.942426], [19.124548, 44.94594], [19.131679, 44.953175], [19.127649, 44.968419], [19.118554, 44.97555], [19.09809, 44.970021], [19.087238, 44.977101], [19.085171, 44.987281], [19.088478, 44.999477], [19.093232, 45.011517], [19.095402, 45.020922], [19.094266, 45.031413], [19.085997, 45.06092], [19.082277, 45.084949], [19.079176, 45.094613], [19.071528, 45.107067], [19.064087, 45.113578], [19.054165, 45.120606], [19.046207, 45.128358], [19.044863, 45.137246], [19.060056, 45.146858], [19.116073, 45.142879], [19.137674, 45.146031], [19.141705, 45.162154], [19.128785, 45.181068], [19.121861, 45.195795], [19.143875, 45.199516], [19.155761, 45.194969], [19.174571, 45.175797], [19.185319, 45.168045], [19.204543, 45.162878], [19.225937, 45.161947], [19.267795, 45.165823], [19.272756, 45.168355]], [[19.351047, 45.877148], [19.350582, 45.879319], [19.348721, 45.883789], [19.350581, 45.879319], [19.351047, 45.877148]], [[19.524679, 45.578149], [19.522664, 45.576469], [19.524679, 45.578148], [19.527212, 45.579389], [19.524679, 45.578149]]]}}]}